IND_NAME,DIM_GEO_NAME,DIM_1_CODE,VALUE_NUMERIC
Age-standardized prevalence of obesity among adults (18+ years) (%),Afghanistan,SEX_BTSX,19.22258949
Life expectancy at birth (years),Afghanistan,SEX_BTSX,59.12690353
Life expectancy at birth (years),Afghanistan,SEX_FMLE,60.98603821
Life expectancy at birth (years),Afghanistan,SEX_MLE,57.40378189
Age-standardized prevalence of obesity among adults (18+ years) (%),African Region,SEX_BTSX,12.08423996
Life expectancy at birth (years),African Region,SEX_MLE,61.7413063
Life expectancy at birth (years),African Region,SEX_FMLE,65.37137604
Life expectancy at birth (years),African Region,SEX_BTSX,63.55244064
Age-standardized prevalence of obesity among adults (18+ years) (%),Albania,SEX_BTSX,23.36018944
Life expectancy at birth (years),Albania,SEX_MLE,74.36082459
Life expectancy at birth (years),Albania,SEX_BTSX,76.39089203
Life expectancy at birth (years),Albania,SEX_FMLE,78.61238861
Age-standardized prevalence of obesity among adults (18+ years) (%),Algeria,SEX_BTSX,23.81498909
Life expectancy at birth (years),Algeria,SEX_MLE,75.50643158
Life expectancy at birth (years),Algeria,SEX_FMLE,76.63874817
Life expectancy at birth (years),Algeria,SEX_BTSX,75.9776535
Age-standardized prevalence of obesity among adults (18+ years) (%),Andorra,SEX_BTSX,18.09918022
Age-standardized prevalence of obesity among adults (18+ years) (%),Angola,SEX_BTSX,11.47373009
Life expectancy at birth (years),Angola,SEX_BTSX,62.13113403
Life expectancy at birth (years),Angola,SEX_MLE,60.00746155
Life expectancy at birth (years),Angola,SEX_FMLE,64.25583649
Age-standardized prevalence of obesity among adults (18+ years) (%),Antigua and Barbuda,SEX_BTSX,33.25090027
Life expectancy at birth (years),Antigua and Barbuda,SEX_BTSX,76.91526794
Life expectancy at birth (years),Antigua and Barbuda,SEX_FMLE,78.41726685
Life expectancy at birth (years),Antigua and Barbuda,SEX_MLE,75.20633698
Age-standardized prevalence of obesity among adults (18+ years) (%),Argentina,SEX_BTSX,35.35520172
Life expectancy at birth (years),Argentina,SEX_BTSX,74.56897736
Life expectancy at birth (years),Argentina,SEX_MLE,71.5945282
Life expectancy at birth (years),Argentina,SEX_FMLE,77.57790375
Age-standardized prevalence of obesity among adults (18+ years) (%),Armenia,SEX_BTSX,24.50904083
Life expectancy at birth (years),Armenia,SEX_BTSX,72.98458099
Life expectancy at birth (years),Armenia,SEX_FMLE,76.87322235
Life expectancy at birth (years),Armenia,SEX_MLE,68.59851074
Age-standardized prevalence of obesity among adults (18+ years) (%),Australia,SEX_BTSX,30.24390984
Life expectancy at birth (years),Australia,SEX_MLE,81.30883026
Life expectancy at birth (years),Australia,SEX_BTSX,83.10183716
Life expectancy at birth (years),Australia,SEX_FMLE,84.89781952
Age-standardized prevalence of obesity among adults (18+ years) (%),Austria,SEX_BTSX,15.36754036
Life expectancy at birth (years),Austria,SEX_FMLE,83.30324554
Life expectancy at birth (years),Austria,SEX_BTSX,80.99297333
Life expectancy at birth (years),Austria,SEX_MLE,78.65946198
Age-standardized prevalence of obesity among adults (18+ years) (%),Azerbaijan,SEX_BTSX,26.54887962
Life expectancy at birth (years),Azerbaijan,SEX_BTSX,72.91294098
Life expectancy at birth (years),Azerbaijan,SEX_MLE,70.49563599
Life expectancy at birth (years),Azerbaijan,SEX_FMLE,75.19257355
Age-standardized prevalence of obesity among adults (18+ years) (%),Bahamas,SEX_BTSX,47.25754166
Life expectancy at birth (years),Bahamas,SEX_MLE,67.32828522
Life expectancy at birth (years),Bahamas,SEX_BTSX,70.43273926
Life expectancy at birth (years),Bahamas,SEX_FMLE,73.47279358
Age-standardized prevalence of obesity among adults (18+ years) (%),Bahrain,SEX_BTSX,36.12672043
Life expectancy at birth (years),Bahrain,SEX_BTSX,74.3837204
Life expectancy at birth (years),Bahrain,SEX_FMLE,75.0946579
Life expectancy at birth (years),Bahrain,SEX_MLE,73.81990051
Age-standardized prevalence of obesity among adults (18+ years) (%),Bangladesh,SEX_BTSX,5.303120136
Life expectancy at birth (years),Bangladesh,SEX_MLE,71.64660645
Life expectancy at birth (years),Bangladesh,SEX_FMLE,74.56256104
Life expectancy at birth (years),Bangladesh,SEX_BTSX,73.10251617
Age-standardized prevalence of obesity among adults (18+ years) (%),Barbados,SEX_BTSX,38.02479935
Life expectancy at birth (years),Barbados,SEX_MLE,75.12224579
Life expectancy at birth (years),Barbados,SEX_BTSX,76.84183502
Life expectancy at birth (years),Barbados,SEX_FMLE,78.40878296
Age-standardized prevalence of obesity among adults (18+ years) (%),Belarus,SEX_BTSX,21.37462044
Life expectancy at birth (years),Belarus,SEX_FMLE,78.13226318
Life expectancy at birth (years),Belarus,SEX_MLE,68.06072998
Life expectancy at birth (years),Belarus,SEX_BTSX,73.12324524
Age-standardized prevalence of obesity among adults (18+ years) (%),Belgium,SEX_BTSX,20.02536964
Life expectancy at birth (years),Belgium,SEX_FMLE,83.68795013
Life expectancy at birth (years),Belgium,SEX_BTSX,81.50596619
Life expectancy at birth (years),Belgium,SEX_MLE,79.28523254
Age-standardized prevalence of obesity among adults (18+ years) (%),Belize,SEX_BTSX,42.32286835
Life expectancy at birth (years),Belize,SEX_MLE,71.36484528
Life expectancy at birth (years),Belize,SEX_FMLE,75.44019318
Life expectancy at birth (years),Belize,SEX_BTSX,73.32055664
Age-standardized prevalence of obesity among adults (18+ years) (%),Benin,SEX_BTSX,11.16586018
Life expectancy at birth (years),Benin,SEX_FMLE,66.37542725
Life expectancy at birth (years),Benin,SEX_MLE,61.71936035
Life expectancy at birth (years),Benin,SEX_BTSX,64.01268768
Age-standardized prevalence of obesity among adults (18+ years) (%),Bhutan,SEX_BTSX,12.17730999
Life expectancy at birth (years),Bhutan,SEX_FMLE,75.9397583
Life expectancy at birth (years),Bhutan,SEX_MLE,73.92720795
Life expectancy at birth (years),Bhutan,SEX_BTSX,74.8764267
Age-standardized prevalence of obesity among adults (18+ years) (%),Bolivia (Plurinational State of),SEX_BTSX,28.68037033
Life expectancy at birth (years),Bolivia (Plurinational State of),SEX_BTSX,65.41062164
Life expectancy at birth (years),Bolivia (Plurinational State of),SEX_FMLE,68.39269257
Life expectancy at birth (years),Bolivia (Plurinational State of),SEX_MLE,62.87421417
Age-standardized prevalence of obesity among adults (18+ years) (%),Bosnia and Herzegovina,SEX_BTSX,21.1939106
Life expectancy at birth (years),Bosnia and Herzegovina,SEX_BTSX,74.84944153
Life expectancy at birth (years),Bosnia and Herzegovina,SEX_MLE,72.55525208
Life expectancy at birth (years),Bosnia and Herzegovina,SEX_FMLE,77.19796753
Age-standardized prevalence of obesity among adults (18+ years) (%),Botswana,SEX_BTSX,18.2908802
Life expectancy at birth (years),Botswana,SEX_BTSX,61.23118973
Life expectancy at birth (years),Botswana,SEX_MLE,59.22470856
Life expectancy at birth (years),Botswana,SEX_FMLE,63.17931366
Age-standardized prevalence of obesity among adults (18+ years) (%),Brazil,SEX_BTSX,28.14183998
Life expectancy at birth (years),Brazil,SEX_FMLE,75.84727478
Life expectancy at birth (years),Brazil,SEX_BTSX,72.38840485
Life expectancy at birth (years),Brazil,SEX_MLE,69.04411316
Age-standardized prevalence of obesity among adults (18+ years) (%),Brunei Darussalam,SEX_BTSX,31.71067047
Life expectancy at birth (years),Brunei Darussalam,SEX_FMLE,78.5667038
Life expectancy at birth (years),Brunei Darussalam,SEX_BTSX,76.92260742
Life expectancy at birth (years),Brunei Darussalam,SEX_MLE,75.33717346
Age-standardized prevalence of obesity among adults (18+ years) (%),Bulgaria,SEX_BTSX,20.58764076
Life expectancy at birth (years),Bulgaria,SEX_FMLE,74.97959137
Life expectancy at birth (years),Bulgaria,SEX_MLE,67.97640228
Life expectancy at birth (years),Bulgaria,SEX_BTSX,71.30586243
Age-standardized prevalence of obesity among adults (18+ years) (%),Burkina Faso,SEX_BTSX,6.74530983
Life expectancy at birth (years),Burkina Faso,SEX_FMLE,64.64479065
Life expectancy at birth (years),Burkina Faso,SEX_BTSX,62.29728699
Life expectancy at birth (years),Burkina Faso,SEX_MLE,59.87614059
Age-standardized prevalence of obesity among adults (18+ years) (%),Burundi,SEX_BTSX,5.021910191
Life expectancy at birth (years),Burundi,SEX_BTSX,64.00695038
Life expectancy at birth (years),Burundi,SEX_MLE,62.04709244
Life expectancy at birth (years),Burundi,SEX_FMLE,65.94968414
Age-standardized prevalence of obesity among adults (18+ years) (%),Cabo Verde,SEX_BTSX,15.77243042
Life expectancy at birth (years),Cabo Verde,SEX_FMLE,77.44199371
Life expectancy at birth (years),Cabo Verde,SEX_MLE,68.80259705
Life expectancy at birth (years),Cabo Verde,SEX_BTSX,73.16098022
Age-standardized prevalence of obesity among adults (18+ years) (%),Cambodia,SEX_BTSX,4.363880157
Life expectancy at birth (years),Cambodia,SEX_FMLE,71.45082092
Life expectancy at birth (years),Cambodia,SEX_MLE,66.3507309
Life expectancy at birth (years),Cambodia,SEX_BTSX,68.92399597
Age-standardized prevalence of obesity among adults (18+ years) (%),Cameroon,SEX_BTSX,14.88249969
Life expectancy at birth (years),Cameroon,SEX_BTSX,61.76934814
Life expectancy at birth (years),Cameroon,SEX_MLE,59.88696289
Life expectancy at birth (years),Cameroon,SEX_FMLE,63.7244072
Age-standardized prevalence of obesity among adults (18+ years) (%),Canada,SEX_BTSX,26.22711945
Life expectancy at birth (years),Canada,SEX_BTSX,81.58276367
Life expectancy at birth (years),Canada,SEX_MLE,79.37275696
Life expectancy at birth (years),Canada,SEX_FMLE,83.81497955
Age-standardized prevalence of obesity among adults (18+ years) (%),Central African Republic,SEX_BTSX,9.296139717
Life expectancy at birth (years),Central African Republic,SEX_BTSX,52.30772781
Life expectancy at birth (years),Central African Republic,SEX_MLE,49.57149124
Life expectancy at birth (years),Central African Republic,SEX_FMLE,55.37900162
Age-standardized prevalence of obesity among adults (18+ years) (%),Chad,SEX_BTSX,6.692279816
Life expectancy at birth (years),Chad,SEX_FMLE,60.66775513
Life expectancy at birth (years),Chad,SEX_BTSX,59.08581543
Life expectancy at birth (years),Chad,SEX_MLE,57.53495789
Age-standardized prevalence of obesity among adults (18+ years) (%),Chile,SEX_BTSX,38.91461182
Life expectancy at birth (years),Chile,SEX_BTSX,79.02404785
Life expectancy at birth (years),Chile,SEX_FMLE,81.42331696
Life expectancy at birth (years),Chile,SEX_MLE,76.68998718
Age-standardized prevalence of obesity among adults (18+ years) (%),China,SEX_BTSX,8.279529572
Life expectancy at birth (years),China,SEX_MLE,74.95413208
Life expectancy at birth (years),China,SEX_FMLE,80.52324677
Life expectancy at birth (years),China,SEX_BTSX,77.61619568
Age-standardized prevalence of obesity among adults (18+ years) (%),Colombia,SEX_BTSX,23.61547089
Life expectancy at birth (years),Colombia,SEX_FMLE,77.62155914
Life expectancy at birth (years),Colombia,SEX_MLE,71.55393219
Life expectancy at birth (years),Colombia,SEX_BTSX,74.53297424
Age-standardized prevalence of obesity among adults (18+ years) (%),Comoros,SEX_BTSX,16.27774048
Life expectancy at birth (years),Comoros,SEX_FMLE,68.72786713
Life expectancy at birth (years),Comoros,SEX_BTSX,67.49703979
Life expectancy at birth (years),Comoros,SEX_MLE,66.30130768
Age-standardized prevalence of obesity among adults (18+ years) (%),Congo,SEX_BTSX,8.537280083
Life expectancy at birth (years),Congo,SEX_BTSX,63.17262268
Life expectancy at birth (years),Congo,SEX_MLE,62.53595734
Life expectancy at birth (years),Congo,SEX_FMLE,63.79450226
Age-standardized prevalence of obesity among adults (18+ years) (%),Cook Islands,SEX_BTSX,68.92372131
Age-standardized prevalence of obesity among adults (18+ years) (%),Costa Rica,SEX_BTSX,31.38760948
Life expectancy at birth (years),Costa Rica,SEX_MLE,75.87686157
Life expectancy at birth (years),Costa Rica,SEX_BTSX,78.63053131
Life expectancy at birth (years),Costa Rica,SEX_FMLE,81.50602722
Age-standardized prevalence of obesity among adults (18+ years) (%),C么te d'Ivoire,SEX_BTSX,11.6430397
Life expectancy at birth (years),C么te d'Ivoire,SEX_FMLE,65.98000336
Life expectancy at birth (years),C么te d'Ivoire,SEX_MLE,61.3910408
Life expectancy at birth (years),C么te d'Ivoire,SEX_BTSX,63.51740646
Age-standardized prevalence of obesity among adults (18+ years) (%),Croatia,SEX_BTSX,30.61657906
Life expectancy at birth (years),Croatia,SEX_FMLE,80.01118469
Life expectancy at birth (years),Croatia,SEX_BTSX,76.86167908
Life expectancy at birth (years),Croatia,SEX_MLE,73.77732086
Age-standardized prevalence of obesity among adults (18+ years) (%),Cuba,SEX_BTSX,21.76092911
Life expectancy at birth (years),Cuba,SEX_BTSX,73.67333221
Life expectancy at birth (years),Cuba,SEX_FMLE,76.50608826
Life expectancy at birth (years),Cuba,SEX_MLE,71.12595367
Age-standardized prevalence of obesity among adults (18+ years) (%),Cyprus,SEX_BTSX,22.93652916
Life expectancy at birth (years),Cyprus,SEX_MLE,79.8661499
Life expectancy at birth (years),Cyprus,SEX_FMLE,83.96356964
Life expectancy at birth (years),Cyprus,SEX_BTSX,81.91274261
Age-standardized prevalence of obesity among adults (18+ years) (%),Czechia,SEX_BTSX,25.9795208
Life expectancy at birth (years),Czechia,SEX_FMLE,80.27144623
Life expectancy at birth (years),Czechia,SEX_MLE,74.01309204
Life expectancy at birth (years),Czechia,SEX_BTSX,77.07730103
Age-standardized prevalence of obesity among adults (18+ years) (%),Democratic People's Republic of Korea,SEX_BTSX,10.79609966
Life expectancy at birth (years),Democratic People's Republic of Korea,SEX_FMLE,75.64984131
Life expectancy at birth (years),Democratic People's Republic of Korea,SEX_BTSX,72.64315033
Life expectancy at birth (years),Democratic People's Republic of Korea,SEX_MLE,69.75508118
Age-standardized prevalence of obesity among adults (18+ years) (%),Democratic Republic of the Congo,SEX_BTSX,6.640550137
Life expectancy at birth (years),Democratic Republic of the Congo,SEX_BTSX,61.62552643
Life expectancy at birth (years),Democratic Republic of the Congo,SEX_MLE,59.42621613
Life expectancy at birth (years),Democratic Republic of the Congo,SEX_FMLE,63.91177368
Age-standardized prevalence of obesity among adults (18+ years) (%),Denmark,SEX_BTSX,13.27851009
Life expectancy at birth (years),Denmark,SEX_BTSX,81.18400574
Life expectancy at birth (years),Denmark,SEX_MLE,79.46414185
Life expectancy at birth (years),Denmark,SEX_FMLE,82.90091705
Age-standardized prevalence of obesity among adults (18+ years) (%),Djibouti,SEX_BTSX,11.34677982
Life expectancy at birth (years),Djibouti,SEX_MLE,63.04217911
Life expectancy at birth (years),Djibouti,SEX_BTSX,64.87226868
Life expectancy at birth (years),Djibouti,SEX_FMLE,66.72945404
Age-standardized prevalence of obesity among adults (18+ years) (%),Dominica,SEX_BTSX,31.34077072
Age-standardized prevalence of obesity among adults (18+ years) (%),Dominican Republic,SEX_BTSX,29.34004974
Life expectancy at birth (years),Dominican Republic,SEX_FMLE,76.75536346
Life expectancy at birth (years),Dominican Republic,SEX_MLE,70.16326904
Life expectancy at birth (years),Dominican Republic,SEX_BTSX,73.32102966
Age-standardized prevalence of obesity among adults (18+ years) (%),Eastern Mediterranean Region,SEX_BTSX,28.58876991
Life expectancy at birth (years),Eastern Mediterranean Region,SEX_FMLE,70.12342072
Life expectancy at birth (years),Eastern Mediterranean Region,SEX_MLE,66.92933655
Life expectancy at birth (years),Eastern Mediterranean Region,SEX_BTSX,68.48743439
Age-standardized prevalence of obesity among adults (18+ years) (%),Ecuador,SEX_BTSX,27.37854958
Life expectancy at birth (years),Ecuador,SEX_FMLE,77.20480347
Life expectancy at birth (years),Ecuador,SEX_BTSX,73.95801544
Life expectancy at birth (years),Ecuador,SEX_MLE,70.95068359
Age-standardized prevalence of obesity among adults (18+ years) (%),Egypt,SEX_BTSX,44.27019882
Life expectancy at birth (years),Egypt,SEX_BTSX,69.10821533
Life expectancy at birth (years),Egypt,SEX_FMLE,71.70874023
Life expectancy at birth (years),Egypt,SEX_MLE,66.68998718
Age-standardized prevalence of obesity among adults (18+ years) (%),El Salvador,SEX_BTSX,30.88002968
Life expectancy at birth (years),El Salvador,SEX_FMLE,76.24875641
Life expectancy at birth (years),El Salvador,SEX_MLE,66.76773071
Life expectancy at birth (years),El Salvador,SEX_BTSX,71.66703796
Age-standardized prevalence of obesity among adults (18+ years) (%),Equatorial Guinea,SEX_BTSX,17.67374039
Life expectancy at birth (years),Equatorial Guinea,SEX_FMLE,63.21443939
Life expectancy at birth (years),Equatorial Guinea,SEX_MLE,60.17118835
Life expectancy at birth (years),Equatorial Guinea,SEX_BTSX,61.60542297
Age-standardized prevalence of obesity among adults (18+ years) (%),Eritrea,SEX_BTSX,4.832570076
Life expectancy at birth (years),Eritrea,SEX_FMLE,66.23751068
Life expectancy at birth (years),Eritrea,SEX_MLE,60.90835953
Life expectancy at birth (years),Eritrea,SEX_BTSX,63.57308578
Age-standardized prevalence of obesity among adults (18+ years) (%),Estonia,SEX_BTSX,22.16319084
Life expectancy at birth (years),Estonia,SEX_FMLE,81.19586182
Life expectancy at birth (years),Estonia,SEX_MLE,72.82558441
Life expectancy at birth (years),Estonia,SEX_BTSX,77.13131714
Age-standardized prevalence of obesity among adults (18+ years) (%),Eswatini,SEX_BTSX,30.0866909
Life expectancy at birth (years),Eswatini,SEX_FMLE,57.86551285
Life expectancy at birth (years),Eswatini,SEX_BTSX,54.59267044
Life expectancy at birth (years),Eswatini,SEX_MLE,51.64387131
Age-standardized prevalence of obesity among adults (18+ years) (%),Ethiopia,SEX_BTSX,2.822770119
Life expectancy at birth (years),Ethiopia,SEX_MLE,65.96191406
Life expectancy at birth (years),Ethiopia,SEX_FMLE,69.74860382
Life expectancy at birth (years),Ethiopia,SEX_BTSX,67.83908844
Age-standardized prevalence of obesity among adults (18+ years) (%),European Region,SEX_BTSX,22.64539909
Life expectancy at birth (years),European Region,SEX_BTSX,76.28729248
Life expectancy at birth (years),European Region,SEX_MLE,73.25065613
Life expectancy at birth (years),European Region,SEX_FMLE,79.29950714
Age-standardized prevalence of obesity among adults (18+ years) (%),Fiji,SEX_BTSX,33.83843994
Life expectancy at birth (years),Fiji,SEX_FMLE,67.67014313
Life expectancy at birth (years),Fiji,SEX_BTSX,65.50058746
Life expectancy at birth (years),Fiji,SEX_MLE,63.49181747
Age-standardized prevalence of obesity among adults (18+ years) (%),Finland,SEX_BTSX,21.50906944
Life expectancy at birth (years),Finland,SEX_BTSX,81.53419495
Life expectancy at birth (years),Finland,SEX_MLE,79.00774384
Life expectancy at birth (years),Finland,SEX_FMLE,84.06163788
Age-standardized prevalence of obesity among adults (18+ years) (%),France,SEX_BTSX,9.698479652
Life expectancy at birth (years),France,SEX_MLE,79.07624054
Life expectancy at birth (years),France,SEX_BTSX,81.92274475
Life expectancy at birth (years),France,SEX_FMLE,84.68614197
Age-standardized prevalence of obesity among adults (18+ years) (%),Gabon,SEX_BTSX,21.01852036
Life expectancy at birth (years),Gabon,SEX_MLE,62.68143845
Life expectancy at birth (years),Gabon,SEX_BTSX,65.09381104
Life expectancy at birth (years),Gabon,SEX_FMLE,67.9184494
Age-standardized prevalence of obesity among adults (18+ years) (%),Gambia,SEX_BTSX,14.93299961
Life expectancy at birth (years),Gambia,SEX_BTSX,64.21396637
Life expectancy at birth (years),Gambia,SEX_MLE,62.22161865
Life expectancy at birth (years),Gambia,SEX_FMLE,66.26215363
Age-standardized prevalence of obesity among adults (18+ years) (%),Georgia,SEX_BTSX,34.65962982
Life expectancy at birth (years),Georgia,SEX_BTSX,71.24038696
Life expectancy at birth (years),Georgia,SEX_MLE,66.85416412
Life expectancy at birth (years),Georgia,SEX_FMLE,75.59980774
Age-standardized prevalence of obesity among adults (18+ years) (%),Germany,SEX_BTSX,20.40370941
Life expectancy at birth (years),Germany,SEX_MLE,78.14950562
Life expectancy at birth (years),Germany,SEX_BTSX,80.4914093
Life expectancy at birth (years),Germany,SEX_FMLE,82.85917664
Age-standardized prevalence of obesity among adults (18+ years) (%),Ghana,SEX_BTSX,12.9313097
Life expectancy at birth (years),Ghana,SEX_BTSX,66.10178375
Life expectancy at birth (years),Ghana,SEX_FMLE,68.6049881
Life expectancy at birth (years),Ghana,SEX_MLE,63.69049072
Age-standardized prevalence of obesity among adults (18+ years) (%),GLOBAL,SEX_BTSX,15.78522968
Life expectancy at birth (years),Global,SEX_BTSX,71.36869812
Life expectancy at birth (years),Global,SEX_FMLE,73.95752716
Life expectancy at birth (years),Global,SEX_MLE,68.89192963
Age-standardized prevalence of obesity among adults (18+ years) (%),Greece,SEX_BTSX,27.98150063
Life expectancy at birth (years),Greece,SEX_FMLE,81.95119476
Life expectancy at birth (years),Greece,SEX_MLE,77.25505829
Life expectancy at birth (years),Greece,SEX_BTSX,79.59784698
Age-standardized prevalence of obesity among adults (18+ years) (%),Grenada,SEX_BTSX,30.25213051
Life expectancy at birth (years),Grenada,SEX_BTSX,72.77322388
Life expectancy at birth (years),Grenada,SEX_FMLE,75.20123291
Life expectancy at birth (years),Grenada,SEX_MLE,70.5231781
Age-standardized prevalence of obesity among adults (18+ years) (%),Guatemala,SEX_BTSX,26.81023979
Life expectancy at birth (years),Guatemala,SEX_FMLE,71.89797211
Life expectancy at birth (years),Guatemala,SEX_MLE,65.64514923
Life expectancy at birth (years),Guatemala,SEX_BTSX,68.69573975
Age-standardized prevalence of obesity among adults (18+ years) (%),Guinea,SEX_BTSX,9.534179688
Life expectancy at birth (years),Guinea,SEX_FMLE,62.47833633
Life expectancy at birth (years),Guinea,SEX_BTSX,61.26250839
Life expectancy at birth (years),Guinea,SEX_MLE,59.94664383
Age-standardized prevalence of obesity among adults (18+ years) (%),Guinea-Bissau,SEX_BTSX,11.47050953
Life expectancy at birth (years),Guinea-Bissau,SEX_BTSX,58.62801743
Life expectancy at birth (years),Guinea-Bissau,SEX_FMLE,61.10224915
Life expectancy at birth (years),Guinea-Bissau,SEX_MLE,56.07573318
Age-standardized prevalence of obesity among adults (18+ years) (%),Guyana,SEX_BTSX,28.45774078
Life expectancy at birth (years),Guyana,SEX_MLE,62.97730255
Life expectancy at birth (years),Guyana,SEX_FMLE,69.31385803
Life expectancy at birth (years),Guyana,SEX_BTSX,66.07775116
Age-standardized prevalence of obesity among adults (18+ years) (%),Haiti,SEX_BTSX,10.68922997
Life expectancy at birth (years),Haiti,SEX_FMLE,63.20708466
Life expectancy at birth (years),Haiti,SEX_BTSX,62.45638657
Life expectancy at birth (years),Haiti,SEX_MLE,61.6996727
Age-standardized prevalence of obesity among adults (18+ years) (%),Honduras,SEX_BTSX,29.4924202
Life expectancy at birth (years),Honduras,SEX_BTSX,68.96309662
Life expectancy at birth (years),Honduras,SEX_MLE,67.43759155
Life expectancy at birth (years),Honduras,SEX_FMLE,70.53263092
Age-standardized prevalence of obesity among adults (18+ years) (%),Hungary,SEX_BTSX,31.7039299
Life expectancy at birth (years),Hungary,SEX_BTSX,74.39546967
Life expectancy at birth (years),Hungary,SEX_FMLE,77.82603455
Life expectancy at birth (years),Hungary,SEX_MLE,70.94422913
Age-standardized prevalence of obesity among adults (18+ years) (%),Iceland,SEX_BTSX,21.23440933
Life expectancy at birth (years),Iceland,SEX_MLE,81.32974243
Life expectancy at birth (years),Iceland,SEX_BTSX,82.57766724
Life expectancy at birth (years),Iceland,SEX_FMLE,83.88967133
Age-standardized prevalence of obesity among adults (18+ years) (%),India,SEX_BTSX,7.267889977
Life expectancy at birth (years),India,SEX_FMLE,69.01961517
Life expectancy at birth (years),India,SEX_MLE,65.77192688
Life expectancy at birth (years),India,SEX_BTSX,67.30780792
Age-standardized prevalence of obesity among adults (18+ years) (%),Indonesia,SEX_BTSX,11.22786999
Life expectancy at birth (years),Indonesia,SEX_MLE,66.41326904
Life expectancy at birth (years),Indonesia,SEX_BTSX,68.2616806
Life expectancy at birth (years),Indonesia,SEX_FMLE,70.17754364
Age-standardized prevalence of obesity among adults (18+ years) (%),Iran (Islamic Republic of),SEX_BTSX,24.26659012
Life expectancy at birth (years),Iran (Islamic Republic of),SEX_MLE,73.08422089
Life expectancy at birth (years),Iran (Islamic Republic of),SEX_FMLE,76.40135956
Life expectancy at birth (years),Iran (Islamic Republic of),SEX_BTSX,74.71077728
Age-standardized prevalence of obesity among adults (18+ years) (%),Iraq,SEX_BTSX,40.48524857
Life expectancy at birth (years),Iraq,SEX_FMLE,73.91197205
Life expectancy at birth (years),Iraq,SEX_MLE,68.88970947
Life expectancy at birth (years),Iraq,SEX_BTSX,71.46632385
Age-standardized prevalence of obesity among adults (18+ years) (%),Ireland,SEX_BTSX,28.34654999
Life expectancy at birth (years),Ireland,SEX_MLE,79.86626434
Life expectancy at birth (years),Ireland,SEX_BTSX,81.60163116
Life expectancy at birth (years),Ireland,SEX_FMLE,83.35086823
Age-standardized prevalence of obesity among adults (18+ years) (%),Israel,SEX_BTSX,22.4907093
Life expectancy at birth (years),Israel,SEX_FMLE,82.09316254
Life expectancy at birth (years),Israel,SEX_BTSX,81.74464417
Life expectancy at birth (years),Israel,SEX_MLE,82.38661957
Age-standardized prevalence of obesity among adults (18+ years) (%),Italy,SEX_BTSX,17.29186058
Life expectancy at birth (years),Italy,SEX_BTSX,82.19747162
Life expectancy at birth (years),Italy,SEX_FMLE,84.32794952
Life expectancy at birth (years),Italy,SEX_MLE,79.97563171
Age-standardized prevalence of obesity among adults (18+ years) (%),Jamaica,SEX_BTSX,33.80701828
Life expectancy at birth (years),Jamaica,SEX_BTSX,70.14394379
Life expectancy at birth (years),Jamaica,SEX_MLE,67.6437912
Life expectancy at birth (years),Jamaica,SEX_FMLE,72.7726059
Age-standardized prevalence of obesity among adults (18+ years) (%),Japan,SEX_BTSX,5.539299965
Life expectancy at birth (years),Japan,SEX_BTSX,84.46067047
Life expectancy at birth (years),Japan,SEX_FMLE,87.15803528
Life expectancy at birth (years),Japan,SEX_MLE,81.70918274
Age-standardized prevalence of obesity among adults (18+ years) (%),Jordan,SEX_BTSX,38.50699997
Life expectancy at birth (years),Jordan,SEX_FMLE,76.98049927
Life expectancy at birth (years),Jordan,SEX_BTSX,75.6497345
Life expectancy at birth (years),Jordan,SEX_MLE,74.56877899
Age-standardized prevalence of obesity among adults (18+ years) (%),Kazakhstan,SEX_BTSX,18.37641907
Life expectancy at birth (years),Kazakhstan,SEX_BTSX,70.2751236
Life expectancy at birth (years),Kazakhstan,SEX_FMLE,73.93874359
Life expectancy at birth (years),Kazakhstan,SEX_MLE,66.36555481
Age-standardized prevalence of obesity among adults (18+ years) (%),Kenya,SEX_BTSX,12.41028023
Life expectancy at birth (years),Kenya,SEX_BTSX,66.76222229
Life expectancy at birth (years),Kenya,SEX_FMLE,69.21556854
Life expectancy at birth (years),Kenya,SEX_MLE,64.39587402
Age-standardized prevalence of obesity among adults (18+ years) (%),Kiribati,SEX_BTSX,46.30316925
Life expectancy at birth (years),Kiribati,SEX_MLE,57.7769928
Life expectancy at birth (years),Kiribati,SEX_FMLE,63.95899963
Life expectancy at birth (years),Kiribati,SEX_BTSX,60.87345505
Age-standardized prevalence of obesity among adults (18+ years) (%),Kuwait,SEX_BTSX,41.4169693
Life expectancy at birth (years),Kuwait,SEX_MLE,77.31715393
Life expectancy at birth (years),Kuwait,SEX_BTSX,78.95211792
Life expectancy at birth (years),Kuwait,SEX_FMLE,81.75064087
Age-standardized prevalence of obesity among adults (18+ years) (%),Kyrgyzstan,SEX_BTSX,26.59970093
Life expectancy at birth (years),Kyrgyzstan,SEX_BTSX,72.18500519
Life expectancy at birth (years),Kyrgyzstan,SEX_FMLE,75.75667572
Life expectancy at birth (years),Kyrgyzstan,SEX_MLE,68.53290558
Age-standardized prevalence of obesity among adults (18+ years) (%),Lao People's Democratic Republic,SEX_BTSX,8.009869576
Life expectancy at birth (years),Lao People's Democratic Republic,SEX_MLE,66.0894165
Life expectancy at birth (years),Lao People's Democratic Republic,SEX_FMLE,70.50985718
Life expectancy at birth (years),Lao People's Democratic Republic,SEX_BTSX,68.23189545
Age-standardized prevalence of obesity among adults (18+ years) (%),Latvia,SEX_BTSX,24.27249908
Life expectancy at birth (years),Latvia,SEX_BTSX,73.20251465
Life expectancy at birth (years),Latvia,SEX_MLE,68.49511719
Life expectancy at birth (years),Latvia,SEX_FMLE,77.89727783
Age-standardized prevalence of obesity among adults (18+ years) (%),Lebanon,SEX_BTSX,29.7815609
Life expectancy at birth (years),Lebanon,SEX_BTSX,74.34207153
Life expectancy at birth (years),Lebanon,SEX_FMLE,77.49569702
Life expectancy at birth (years),Lebanon,SEX_MLE,71.24979401
Age-standardized prevalence of obesity among adults (18+ years) (%),Lesotho,SEX_BTSX,20.99822998
Life expectancy at birth (years),Lesotho,SEX_FMLE,54.60295105
Life expectancy at birth (years),Lesotho,SEX_MLE,48.73088074
Life expectancy at birth (years),Lesotho,SEX_BTSX,51.47907639
Age-standardized prevalence of obesity among adults (18+ years) (%),Liberia,SEX_BTSX,17.01376915
Life expectancy at birth (years),Liberia,SEX_BTSX,63.45730972
Life expectancy at birth (years),Liberia,SEX_MLE,62.64177322
Life expectancy at birth (years),Liberia,SEX_FMLE,64.26883698
Age-standardized prevalence of obesity among adults (18+ years) (%),Libya,SEX_BTSX,36.7071991
Life expectancy at birth (years),Libya,SEX_FMLE,74.21006775
Life expectancy at birth (years),Libya,SEX_BTSX,72.17843628
Life expectancy at birth (years),Libya,SEX_MLE,70.22740936
Age-standardized prevalence of obesity among adults (18+ years) (%),Lithuania,SEX_BTSX,25.35531998
Life expectancy at birth (years),Lithuania,SEX_FMLE,78.64626312
Life expectancy at birth (years),Lithuania,SEX_MLE,69.58664703
Life expectancy at birth (years),Lithuania,SEX_BTSX,74.13314819
Age-standardized prevalence of obesity among adults (18+ years) (%),Luxembourg,SEX_BTSX,18.43440056
Life expectancy at birth (years),Luxembourg,SEX_MLE,80.76781464
Life expectancy at birth (years),Luxembourg,SEX_FMLE,84.78574371
Life expectancy at birth (years),Luxembourg,SEX_BTSX,82.7802887
Age-standardized prevalence of obesity among adults (18+ years) (%),Madagascar,SEX_BTSX,4.262509823
Life expectancy at birth (years),Madagascar,SEX_MLE,61.86037064
Life expectancy at birth (years),Madagascar,SEX_BTSX,62.93425369
Life expectancy at birth (years),Madagascar,SEX_FMLE,64.02700806
Age-standardized prevalence of obesity among adults (18+ years) (%),Malawi,SEX_BTSX,7.735519886
Life expectancy at birth (years),Malawi,SEX_BTSX,62.48652649
Life expectancy at birth (years),Malawi,SEX_MLE,59.72269821
Life expectancy at birth (years),Malawi,SEX_FMLE,65.26952362
Age-standardized prevalence of obesity among adults (18+ years) (%),Malaysia,SEX_BTSX,22.09536934
Life expectancy at birth (years),Malaysia,SEX_FMLE,75.31574249
Life expectancy at birth (years),Malaysia,SEX_MLE,70.63626099
Life expectancy at birth (years),Malaysia,SEX_BTSX,72.81010437
Age-standardized prevalence of obesity among adults (18+ years) (%),Maldives,SEX_BTSX,17.2976799
Life expectancy at birth (years),Maldives,SEX_MLE,74.50918579
Life expectancy at birth (years),Maldives,SEX_BTSX,75.39664459
Life expectancy at birth (years),Maldives,SEX_FMLE,76.59470367
Age-standardized prevalence of obesity among adults (18+ years) (%),Mali,SEX_BTSX,11.37263966
Life expectancy at birth (years),Mali,SEX_BTSX,61.67398453
Life expectancy at birth (years),Mali,SEX_MLE,61.08021927
Life expectancy at birth (years),Mali,SEX_FMLE,62.28961563
Age-standardized prevalence of obesity among adults (18+ years) (%),Malta,SEX_BTSX,32.28799057
Life expectancy at birth (years),Malta,SEX_MLE,79.95901489
Life expectancy at birth (years),Malta,SEX_BTSX,81.81193542
Life expectancy at birth (years),Malta,SEX_FMLE,83.7301178
Age-standardized prevalence of obesity among adults (18+ years) (%),Marshall Islands,SEX_BTSX,45.90312958
Age-standardized prevalence of obesity among adults (18+ years) (%),Mauritania,SEX_BTSX,22.68795013
Life expectancy at birth (years),Mauritania,SEX_FMLE,69.36220551
Life expectancy at birth (years),Mauritania,SEX_MLE,68.37985992
Life expectancy at birth (years),Mauritania,SEX_BTSX,68.86843872
Age-standardized prevalence of obesity among adults (18+ years) (%),Mauritius,SEX_BTSX,19.22863007
Life expectancy at birth (years),Mauritius,SEX_BTSX,73.41967011
Life expectancy at birth (years),Mauritius,SEX_MLE,70.13596344
Life expectancy at birth (years),Mauritius,SEX_FMLE,76.90869904
Age-standardized prevalence of obesity among adults (18+ years) (%),Mexico,SEX_BTSX,36.02991104
Life expectancy at birth (years),Mexico,SEX_BTSX,70.8325882
Life expectancy at birth (years),Mexico,SEX_MLE,67.20090485
Life expectancy at birth (years),Mexico,SEX_FMLE,74.68952179
Age-standardized prevalence of obesity among adults (18+ years) (%),Micronesia (Federated States of),SEX_BTSX,47.10044098
Life expectancy at birth (years),Micronesia (Federated States of),SEX_BTSX,65.70956421
Life expectancy at birth (years),Micronesia (Federated States of),SEX_FMLE,68.6581192
Life expectancy at birth (years),Micronesia (Federated States of),SEX_MLE,62.98522568
Age-standardized prevalence of obesity among adults (18+ years) (%),Mongolia,SEX_BTSX,24.10873985
Life expectancy at birth (years),Mongolia,SEX_BTSX,70.0979538
Life expectancy at birth (years),Mongolia,SEX_MLE,66.41682434
Life expectancy at birth (years),Mongolia,SEX_FMLE,73.858284
Age-standardized prevalence of obesity among adults (18+ years) (%),Montenegro,SEX_BTSX,17.99588013
Life expectancy at birth (years),Montenegro,SEX_FMLE,77.87943268
Life expectancy at birth (years),Montenegro,SEX_MLE,71.62459564
Life expectancy at birth (years),Montenegro,SEX_BTSX,74.70975494
Age-standardized prevalence of obesity among adults (18+ years) (%),Morocco,SEX_BTSX,21.78434944
Life expectancy at birth (years),Morocco,SEX_FMLE,73.71494293
Life expectancy at birth (years),Morocco,SEX_BTSX,72.61868286
Life expectancy at birth (years),Morocco,SEX_MLE,71.53595734
Age-standardized prevalence of obesity among adults (18+ years) (%),Mozambique,SEX_BTSX,10.26296043
Life expectancy at birth (years),Mozambique,SEX_MLE,54.8007164
Life expectancy at birth (years),Mozambique,SEX_FMLE,60.54787064
Life expectancy at birth (years),Mozambique,SEX_BTSX,57.66202545
Age-standardized prevalence of obesity among adults (18+ years) (%),Myanmar,SEX_BTSX,7.426340103
Life expectancy at birth (years),Myanmar,SEX_MLE,64.71030426
Life expectancy at birth (years),Myanmar,SEX_BTSX,67.84580994
Life expectancy at birth (years),Myanmar,SEX_FMLE,71.14627838
Age-standardized prevalence of obesity among adults (18+ years) (%),Namibia,SEX_BTSX,16.96520042
Life expectancy at birth (years),Namibia,SEX_BTSX,60.3599472
Life expectancy at birth (years),Namibia,SEX_FMLE,63.44307327
Life expectancy at birth (years),Namibia,SEX_MLE,57.26867294
Age-standardized prevalence of obesity among adults (18+ years) (%),Nauru,SEX_BTSX,69.91860199
Age-standardized prevalence of obesity among adults (18+ years) (%),Nepal,SEX_BTSX,6.989490032
Life expectancy at birth (years),Nepal,SEX_FMLE,71.79351807
Life expectancy at birth (years),Nepal,SEX_MLE,68.26541138
Life expectancy at birth (years),Nepal,SEX_BTSX,70.04936981
Life expectancy at birth (years),Netherlands (Kingdom of the),SEX_FMLE,82.64706421
Life expectancy at birth (years),Netherlands (Kingdom of the),SEX_BTSX,81.12478638
Life expectancy at birth (years),Netherlands (Kingdom of the),SEX_MLE,79.58002472
Age-standardized prevalence of obesity among adults (18+ years) (%),Netherlands (Kingdom of the),SEX_BTSX,14.54181957
Age-standardized prevalence of obesity among adults (18+ years) (%),New Zealand,SEX_BTSX,33.62131119
Life expectancy at birth (years),New Zealand,SEX_FMLE,84.014534
Life expectancy at birth (years),New Zealand,SEX_MLE,80.36105347
Life expectancy at birth (years),New Zealand,SEX_BTSX,82.20149231
Age-standardized prevalence of obesity among adults (18+ years) (%),Nicaragua,SEX_BTSX,33.62728882
Life expectancy at birth (years),Nicaragua,SEX_BTSX,75.02796173
Life expectancy at birth (years),Nicaragua,SEX_MLE,72.26276398
Life expectancy at birth (years),Nicaragua,SEX_FMLE,77.67507172
Age-standardized prevalence of obesity among adults (18+ years) (%),Niger,SEX_BTSX,5.974679947
Life expectancy at birth (years),Niger,SEX_FMLE,60.93901062
Life expectancy at birth (years),Niger,SEX_BTSX,59.97070694
Life expectancy at birth (years),Niger,SEX_MLE,59.0294838
Age-standardized prevalence of obesity among adults (18+ years) (%),Nigeria,SEX_BTSX,12.35620975
Life expectancy at birth (years),Nigeria,SEX_BTSX,63.39749908
Life expectancy at birth (years),Nigeria,SEX_FMLE,64.77942657
Life expectancy at birth (years),Nigeria,SEX_MLE,62.06702423
Age-standardized prevalence of obesity among adults (18+ years) (%),Niue,SEX_BTSX,66.57666779
Age-standardized prevalence of obesity among adults (18+ years) (%),North Macedonia,SEX_BTSX,27.53899002
Life expectancy at birth (years),North Macedonia,SEX_MLE,70.85033417
Life expectancy at birth (years),North Macedonia,SEX_BTSX,72.9953537
Life expectancy at birth (years),North Macedonia,SEX_FMLE,75.24092102
Age-standardized prevalence of obesity among adults (18+ years) (%),Norway,SEX_BTSX,19.14644051
Life expectancy at birth (years),Norway,SEX_FMLE,84.25270081
Life expectancy at birth (years),Norway,SEX_BTSX,82.88199615
Life expectancy at birth (years),Norway,SEX_MLE,81.50302124
Life expectancy at birth (years),"occupied Palestinian territory, including east Jerusalem",SEX_FMLE,75.87512207
Life expectancy at birth (years),"occupied Palestinian territory, including east Jerusalem",SEX_MLE,71.14110565
Life expectancy at birth (years),"occupied Palestinian territory, including east Jerusalem",SEX_BTSX,73.49178314
Age-standardized prevalence of obesity among adults (18+ years) (%),"occupied Palestinian territory, including east Jerusalem",SEX_BTSX,37.56084061
Age-standardized prevalence of obesity among adults (18+ years) (%),Oman,SEX_BTSX,31.09542084
Life expectancy at birth (years),Oman,SEX_FMLE,74.86314392
Life expectancy at birth (years),Oman,SEX_MLE,70.89524841
Life expectancy at birth (years),Oman,SEX_BTSX,72.47676849
Age-standardized prevalence of obesity among adults (18+ years) (%),Pakistan,SEX_BTSX,23.00650024
Life expectancy at birth (years),Pakistan,SEX_FMLE,66.93027496
Life expectancy at birth (years),Pakistan,SEX_MLE,65.07673645
Life expectancy at birth (years),Pakistan,SEX_BTSX,65.99092102
Age-standardized prevalence of obesity among adults (18+ years) (%),Palau,SEX_BTSX,41.14165878
Age-standardized prevalence of obesity among adults (18+ years) (%),Panama,SEX_BTSX,36.07101822
Life expectancy at birth (years),Panama,SEX_FMLE,80.29103851
Life expectancy at birth (years),Panama,SEX_BTSX,77.23870087
Life expectancy at birth (years),Panama,SEX_MLE,74.35268402
Age-standardized prevalence of obesity among adults (18+ years) (%),Papua New Guinea,SEX_BTSX,20.51736069
Life expectancy at birth (years),Papua New Guinea,SEX_BTSX,65.48786163
Life expectancy at birth (years),Papua New Guinea,SEX_MLE,64.20317078
Life expectancy at birth (years),Papua New Guinea,SEX_FMLE,66.94528961
Age-standardized prevalence of obesity among adults (18+ years) (%),Paraguay,SEX_BTSX,32.95919037
Life expectancy at birth (years),Paraguay,SEX_MLE,67.62709808
Life expectancy at birth (years),Paraguay,SEX_BTSX,70.27081299
Life expectancy at birth (years),Paraguay,SEX_FMLE,73.16442871
Age-standardized prevalence of obesity among adults (18+ years) (%),Peru,SEX_BTSX,27.28842926
Life expectancy at birth (years),Peru,SEX_FMLE,74.80744934
Life expectancy at birth (years),Peru,SEX_MLE,68.81771088
Life expectancy at birth (years),Peru,SEX_BTSX,71.66726685
Age-standardized prevalence of obesity among adults (18+ years) (%),Philippines,SEX_BTSX,8.741729736
Life expectancy at birth (years),Philippines,SEX_MLE,63.39790344
Life expectancy at birth (years),Philippines,SEX_FMLE,69.88256073
Life expectancy at birth (years),Philippines,SEX_BTSX,66.40834045
Age-standardized prevalence of obesity among adults (18+ years) (%),Poland,SEX_BTSX,27.49970055
Life expectancy at birth (years),Poland,SEX_FMLE,79.39878845
Life expectancy at birth (years),Poland,SEX_BTSX,75.40210724
Life expectancy at birth (years),Poland,SEX_MLE,71.55303955
Age-standardized prevalence of obesity among adults (18+ years) (%),Portugal,SEX_BTSX,21.79110909
Life expectancy at birth (years),Portugal,SEX_MLE,78.27281189
Life expectancy at birth (years),Portugal,SEX_FMLE,83.88307953
Life expectancy at birth (years),Portugal,SEX_BTSX,81.17961121
Age-standardized prevalence of obesity among adults (18+ years) (%),Puerto Rico,SEX_BTSX,41.13383102
Life expectancy at birth (years),Puerto Rico,SEX_BTSX,79.90294647
Life expectancy at birth (years),Puerto Rico,SEX_FMLE,83.51311493
Life expectancy at birth (years),Puerto Rico,SEX_MLE,76.19514465
Age-standardized prevalence of obesity among adults (18+ years) (%),Qatar,SEX_BTSX,43.14167023
Life expectancy at birth (years),Qatar,SEX_BTSX,76.71013641
Life expectancy at birth (years),Qatar,SEX_FMLE,77.97981262
Life expectancy at birth (years),Qatar,SEX_MLE,76.03086853
Age-standardized prevalence of obesity among adults (18+ years) (%),Region of the Americas,SEX_BTSX,33.75017166
Life expectancy at birth (years),Region of the Americas,SEX_BTSX,74.11268616
Life expectancy at birth (years),Region of the Americas,SEX_MLE,71.08535767
Life expectancy at birth (years),Region of the Americas,SEX_FMLE,77.27216339
Age-standardized prevalence of obesity among adults (18+ years) (%),Republic of Korea,SEX_BTSX,7.33054018
Life expectancy at birth (years),Republic of Korea,SEX_BTSX,83.79981995
Life expectancy at birth (years),Republic of Korea,SEX_FMLE,86.65826416
Life expectancy at birth (years),Republic of Korea,SEX_MLE,80.70510101
Age-standardized prevalence of obesity among adults (18+ years) (%),Republic of Moldova,SEX_BTSX,22.97020912
Life expectancy at birth (years),Republic of Moldova,SEX_FMLE,73.63363647
Life expectancy at birth (years),Republic of Moldova,SEX_BTSX,69.55780792
Life expectancy at birth (years),Republic of Moldova,SEX_MLE,65.53420258
Age-standardized prevalence of obesity among adults (18+ years) (%),Romania,SEX_BTSX,34.039711
Life expectancy at birth (years),Romania,SEX_FMLE,76.52390289
Life expectancy at birth (years),Romania,SEX_BTSX,72.76431274
Life expectancy at birth (years),Romania,SEX_MLE,69.20896149
Age-standardized prevalence of obesity among adults (18+ years) (%),Russian Federation,SEX_BTSX,24.1948204
Life expectancy at birth (years),Russian Federation,SEX_FMLE,74.33863068
Life expectancy at birth (years),Russian Federation,SEX_BTSX,70.01733398
Life expectancy at birth (years),Russian Federation,SEX_MLE,65.57146454
Age-standardized prevalence of obesity among adults (18+ years) (%),Rwanda,SEX_BTSX,4.923480034
Life expectancy at birth (years),Rwanda,SEX_MLE,65.44898987
Life expectancy at birth (years),Rwanda,SEX_FMLE,69.40378571
Life expectancy at birth (years),Rwanda,SEX_BTSX,67.54213715
Age-standardized prevalence of obesity among adults (18+ years) (%),Saint Kitts and Nevis,SEX_BTSX,45.64439011
Age-standardized prevalence of obesity among adults (18+ years) (%),Saint Lucia,SEX_BTSX,33.46512985
Life expectancy at birth (years),Saint Lucia,SEX_MLE,68.00482178
Life expectancy at birth (years),Saint Lucia,SEX_BTSX,71.11304474
Life expectancy at birth (years),Saint Lucia,SEX_FMLE,74.47416687
Age-standardized prevalence of obesity among adults (18+ years) (%),Saint Vincent and the Grenadines,SEX_BTSX,33.24897003
Life expectancy at birth (years),Saint Vincent and the Grenadines,SEX_FMLE,75.52495575
Life expectancy at birth (years),Saint Vincent and the Grenadines,SEX_BTSX,72.55709076
Life expectancy at birth (years),Saint Vincent and the Grenadines,SEX_MLE,70.02336884
Age-standardized prevalence of obesity among adults (18+ years) (%),Samoa,SEX_BTSX,62.42938995
Life expectancy at birth (years),Samoa,SEX_BTSX,70.27371979
Life expectancy at birth (years),Samoa,SEX_FMLE,71.58085632
Life expectancy at birth (years),Samoa,SEX_MLE,69.07190704
Age-standardized prevalence of obesity among adults (18+ years) (%),Sao Tome and Principe,SEX_BTSX,16.4552803
Life expectancy at birth (years),Sao Tome and Principe,SEX_BTSX,71.17810822
Life expectancy at birth (years),Sao Tome and Principe,SEX_MLE,69.59341431
Life expectancy at birth (years),Sao Tome and Principe,SEX_FMLE,72.81318665
Age-standardized prevalence of obesity among adults (18+ years) (%),Saudi Arabia,SEX_BTSX,40.59907913
Life expectancy at birth (years),Saudi Arabia,SEX_BTSX,76.42921448
Life expectancy at birth (years),Saudi Arabia,SEX_FMLE,77.36849976
Life expectancy at birth (years),Saudi Arabia,SEX_MLE,75.73210144
Age-standardized prevalence of obesity among adults (18+ years) (%),Senegal,SEX_BTSX,10.20713997
Life expectancy at birth (years),Senegal,SEX_BTSX,67.79198456
Life expectancy at birth (years),Senegal,SEX_MLE,65.94354248
Life expectancy at birth (years),Senegal,SEX_FMLE,69.47214508
Age-standardized prevalence of obesity among adults (18+ years) (%),Serbia,SEX_BTSX,22.50791931
Life expectancy at birth (years),Serbia,SEX_BTSX,72.80891418
Life expectancy at birth (years),Serbia,SEX_MLE,69.98960876
Life expectancy at birth (years),Serbia,SEX_FMLE,75.62155151
Age-standardized prevalence of obesity among adults (18+ years) (%),Seychelles,SEX_BTSX,29.36169052
Life expectancy at birth (years),Seychelles,SEX_FMLE,75.62361908
Life expectancy at birth (years),Seychelles,SEX_MLE,72.56876373
Life expectancy at birth (years),Seychelles,SEX_BTSX,74.01196289
Age-standardized prevalence of obesity among adults (18+ years) (%),Sierra Leone,SEX_BTSX,7.130010128
Life expectancy at birth (years),Sierra Leone,SEX_FMLE,61.8902626
Life expectancy at birth (years),Sierra Leone,SEX_MLE,60.1534729
Life expectancy at birth (years),Sierra Leone,SEX_BTSX,61.0228653
Age-standardized prevalence of obesity among adults (18+ years) (%),Singapore,SEX_BTSX,13.87662983
Life expectancy at birth (years),Singapore,SEX_FMLE,86.25122833
Life expectancy at birth (years),Singapore,SEX_MLE,81.57605743
Life expectancy at birth (years),Singapore,SEX_BTSX,83.85708618
Age-standardized prevalence of obesity among adults (18+ years) (%),Slovakia,SEX_BTSX,26.82424927
Life expectancy at birth (years),Slovakia,SEX_FMLE,78.01091766
Life expectancy at birth (years),Slovakia,SEX_BTSX,74.50941467
Life expectancy at birth (years),Slovakia,SEX_MLE,71.12509155
Age-standardized prevalence of obesity among adults (18+ years) (%),Slovenia,SEX_BTSX,19.44181061
Life expectancy at birth (years),Slovenia,SEX_MLE,77.53865814
Life expectancy at birth (years),Slovenia,SEX_BTSX,80.41495514
Life expectancy at birth (years),Slovenia,SEX_FMLE,83.39120483
Age-standardized prevalence of obesity among adults (18+ years) (%),Solomon Islands,SEX_BTSX,22.60238075
Life expectancy at birth (years),Solomon Islands,SEX_FMLE,67.33435822
Life expectancy at birth (years),Solomon Islands,SEX_BTSX,64.79245758
Life expectancy at birth (years),Solomon Islands,SEX_MLE,62.55214691
Age-standardized prevalence of obesity among adults (18+ years) (%),Somalia,SEX_BTSX,14.61382961
Life expectancy at birth (years),Somalia,SEX_MLE,51.74982452
Life expectancy at birth (years),Somalia,SEX_BTSX,53.9514389
Life expectancy at birth (years),Somalia,SEX_FMLE,56.33251953
Age-standardized prevalence of obesity among adults (18+ years) (%),South Africa,SEX_BTSX,30.81970978
Life expectancy at birth (years),South Africa,SEX_MLE,58.90287018
Life expectancy at birth (years),South Africa,SEX_FMLE,64.015625
Life expectancy at birth (years),South Africa,SEX_BTSX,61.49918747
Age-standardized prevalence of obesity among adults (18+ years) (%),South Sudan,SEX_BTSX,8.603830338
Life expectancy at birth (years),South Sudan,SEX_FMLE,60.61474228
Life expectancy at birth (years),South Sudan,SEX_MLE,56.47971344
Life expectancy at birth (years),South Sudan,SEX_BTSX,58.57353973
Age-standardized prevalence of obesity among adults (18+ years) (%),South-East Asia Region,SEX_BTSX,7.998069763
Life expectancy at birth (years),South-East Asia Region,SEX_BTSX,68.36682892
Life expectancy at birth (years),South-East Asia Region,SEX_FMLE,70.27694702
Life expectancy at birth (years),South-East Asia Region,SEX_MLE,66.5994873
Age-standardized prevalence of obesity among adults (18+ years) (%),Spain,SEX_BTSX,15.66913033
Life expectancy at birth (years),Spain,SEX_BTSX,82.66267395
Life expectancy at birth (years),Spain,SEX_FMLE,85.29773712
Life expectancy at birth (years),Spain,SEX_MLE,79.98629761
Age-standardized prevalence of obesity among adults (18+ years) (%),Sri Lanka,SEX_BTSX,10.56363964
Life expectancy at birth (years),Sri Lanka,SEX_BTSX,77.22895813
Life expectancy at birth (years),Sri Lanka,SEX_FMLE,80.05458832
Life expectancy at birth (years),Sri Lanka,SEX_MLE,74.15829468
Age-standardized prevalence of obesity among adults (18+ years) (%),Sudan,SEX_BTSX,17.00499916
Life expectancy at birth (years),Sudan,SEX_FMLE,68.89340973
Life expectancy at birth (years),Sudan,SEX_MLE,66.24964905
Life expectancy at birth (years),Sudan,SEX_BTSX,67.58515167
Age-standardized prevalence of obesity among adults (18+ years) (%),Suriname,SEX_BTSX,29.01502991
Life expectancy at birth (years),Suriname,SEX_FMLE,72.70139313
Life expectancy at birth (years),Suriname,SEX_MLE,66.95529938
Life expectancy at birth (years),Suriname,SEX_BTSX,69.78412628
Age-standardized prevalence of obesity among adults (18+ years) (%),Sweden,SEX_BTSX,15.26700974
Life expectancy at birth (years),Sweden,SEX_MLE,81.02213287
Life expectancy at birth (years),Sweden,SEX_BTSX,82.66490936
Life expectancy at birth (years),Sweden,SEX_FMLE,84.31275177
Age-standardized prevalence of obesity among adults (18+ years) (%),Switzerland,SEX_BTSX,12.11141014
Life expectancy at birth (years),Switzerland,SEX_MLE,81.48440552
Life expectancy at birth (years),Switzerland,SEX_BTSX,83.32795715
Life expectancy at birth (years),Switzerland,SEX_FMLE,85.1147995
Age-standardized prevalence of obesity among adults (18+ years) (%),Syrian Arab Republic,SEX_BTSX,33.94171906
Life expectancy at birth (years),Syrian Arab Republic,SEX_FMLE,74.39009094
Life expectancy at birth (years),Syrian Arab Republic,SEX_BTSX,72.43803406
Life expectancy at birth (years),Syrian Arab Republic,SEX_MLE,70.56090546
Age-standardized prevalence of obesity among adults (18+ years) (%),Tajikistan,SEX_BTSX,23.79314995
Life expectancy at birth (years),Tajikistan,SEX_BTSX,71.81488037
Life expectancy at birth (years),Tajikistan,SEX_FMLE,73.49938965
Life expectancy at birth (years),Tajikistan,SEX_MLE,70.1727829
Age-standardized prevalence of obesity among adults (18+ years) (%),Thailand,SEX_BTSX,15.38461018
Life expectancy at birth (years),Thailand,SEX_BTSX,75.29014587
Life expectancy at birth (years),Thailand,SEX_MLE,71.76036835
Life expectancy at birth (years),Thailand,SEX_FMLE,78.96816254
Age-standardized prevalence of obesity among adults (18+ years) (%),Timor-Leste,SEX_BTSX,2.350349903
Life expectancy at birth (years),Timor-Leste,SEX_MLE,66.52957916
Life expectancy at birth (years),Timor-Leste,SEX_BTSX,67.99671173
Life expectancy at birth (years),Timor-Leste,SEX_FMLE,69.56258392
Age-standardized prevalence of obesity among adults (18+ years) (%),Togo,SEX_BTSX,11.56099033
Life expectancy at birth (years),Togo,SEX_MLE,61.53856659
Life expectancy at birth (years),Togo,SEX_FMLE,66.41722107
Life expectancy at birth (years),Togo,SEX_BTSX,63.86461258
Age-standardized prevalence of obesity among adults (18+ years) (%),Tonga,SEX_BTSX,71.6501236
Life expectancy at birth (years),Tonga,SEX_BTSX,72.7208786
Life expectancy at birth (years),Tonga,SEX_FMLE,75.28993225
Life expectancy at birth (years),Tonga,SEX_MLE,70.21465302
Age-standardized prevalence of obesity among adults (18+ years) (%),Trinidad and Tobago,SEX_BTSX,28.05278015
Life expectancy at birth (years),Trinidad and Tobago,SEX_BTSX,71.7071228
Life expectancy at birth (years),Trinidad and Tobago,SEX_MLE,68.41078949
Life expectancy at birth (years),Trinidad and Tobago,SEX_FMLE,75.15306091
Age-standardized prevalence of obesity among adults (18+ years) (%),Tunisia,SEX_BTSX,26.83222961
Life expectancy at birth (years),Tunisia,SEX_BTSX,74.06842804
Life expectancy at birth (years),Tunisia,SEX_FMLE,76.84116364
Life expectancy at birth (years),Tunisia,SEX_MLE,71.51194
Age-standardized prevalence of obesity among adults (18+ years) (%),T眉rkiye,SEX_BTSX,33.30083084
Life expectancy at birth (years),T眉rkiye,SEX_BTSX,75.27239227
Life expectancy at birth (years),T眉rkiye,SEX_MLE,72.53639984
Life expectancy at birth (years),T眉rkiye,SEX_FMLE,78.09542084
Age-standardized prevalence of obesity among adults (18+ years) (%),Turkmenistan,SEX_BTSX,21.4022007
Life expectancy at birth (years),Turkmenistan,SEX_MLE,65.70659637
Life expectancy at birth (years),Turkmenistan,SEX_FMLE,72.49741364
Life expectancy at birth (years),Turkmenistan,SEX_BTSX,69.12049103
Age-standardized prevalence of obesity among adults (18+ years) (%),Tuvalu,SEX_BTSX,64.19953156
Age-standardized prevalence of obesity among adults (18+ years) (%),Uganda,SEX_BTSX,7.904560089
Life expectancy at birth (years),Uganda,SEX_MLE,62.92684174
Life expectancy at birth (years),Uganda,SEX_FMLE,68.98082733
Life expectancy at birth (years),Uganda,SEX_BTSX,65.98577881
Age-standardized prevalence of obesity among adults (18+ years) (%),Ukraine,SEX_BTSX,23.63479042
Life expectancy at birth (years),Ukraine,SEX_BTSX,70.90674591
Life expectancy at birth (years),Ukraine,SEX_FMLE,75.33701324
Life expectancy at birth (years),Ukraine,SEX_MLE,66.33380127
Age-standardized prevalence of obesity among adults (18+ years) (%),United Arab Emirates,SEX_BTSX,32.07921982
Life expectancy at birth (years),United Arab Emirates,SEX_FMLE,80.01707459
Life expectancy at birth (years),United Arab Emirates,SEX_BTSX,78.30645752
Life expectancy at birth (years),United Arab Emirates,SEX_MLE,77.17597961
Age-standardized prevalence of obesity among adults (18+ years) (%),United Kingdom,SEX_BTSX,26.82024956
Life expectancy at birth (years),United Kingdom,SEX_MLE,78.27424622
Life expectancy at birth (years),United Kingdom,SEX_BTSX,80.10062408
Life expectancy at birth (years),United Kingdom,SEX_FMLE,81.93070984
Age-standardized prevalence of obesity among adults (18+ years) (%),United Republic of Tanzania,SEX_BTSX,12.58325005
Life expectancy at birth (years),United Republic of Tanzania,SEX_BTSX,66.81015015
Life expectancy at birth (years),United Republic of Tanzania,SEX_FMLE,68.37561035
Life expectancy at birth (years),United Republic of Tanzania,SEX_MLE,65.23878479
Age-standardized prevalence of obesity among adults (18+ years) (%),United States of America,SEX_BTSX,41.98672104
Life expectancy at birth (years),United States of America,SEX_MLE,73.72311401
Life expectancy at birth (years),United States of America,SEX_BTSX,76.37368011
Life expectancy at birth (years),United States of America,SEX_FMLE,79.14743042
Age-standardized prevalence of obesity among adults (18+ years) (%),Uruguay,SEX_BTSX,33.34378815
Life expectancy at birth (years),Uruguay,SEX_BTSX,74.98295593
Life expectancy at birth (years),Uruguay,SEX_FMLE,78.74074554
Life expectancy at birth (years),Uruguay,SEX_MLE,71.24718475
Age-standardized prevalence of obesity among adults (18+ years) (%),Uzbekistan,SEX_BTSX,30.02845001
Life expectancy at birth (years),Uzbekistan,SEX_BTSX,72.18877411
Life expectancy at birth (years),Uzbekistan,SEX_FMLE,74.1125412
Life expectancy at birth (years),Uzbekistan,SEX_MLE,70.1640625
Age-standardized prevalence of obesity among adults (18+ years) (%),Vanuatu,SEX_BTSX,21.28063965
Life expectancy at birth (years),Vanuatu,SEX_FMLE,69.81194305
Life expectancy at birth (years),Vanuatu,SEX_BTSX,66.34837341
Life expectancy at birth (years),Vanuatu,SEX_MLE,63.35992813
Age-standardized prevalence of obesity among adults (18+ years) (%),Venezuela (Bolivarian Republic of),SEX_BTSX,22.71591949
Life expectancy at birth (years),Venezuela (Bolivarian Republic of),SEX_MLE,66.85585785
Life expectancy at birth (years),Venezuela (Bolivarian Republic of),SEX_BTSX,71.2208252
Life expectancy at birth (years),Venezuela (Bolivarian Republic of),SEX_FMLE,75.94953918
Age-standardized prevalence of obesity among adults (18+ years) (%),Viet Nam,SEX_BTSX,2.015739918
Life expectancy at birth (years),Viet Nam,SEX_BTSX,73.79657745
Life expectancy at birth (years),Viet Nam,SEX_FMLE,77.95729828
Life expectancy at birth (years),Viet Nam,SEX_MLE,69.72524261
Age-standardized prevalence of obesity among adults (18+ years) (%),Western Pacific Region,SEX_BTSX,8.453249931
Life expectancy at birth (years),Western Pacific Region,SEX_BTSX,77.41814423
Life expectancy at birth (years),Western Pacific Region,SEX_FMLE,80.51378632
Life expectancy at birth (years),Western Pacific Region,SEX_MLE,74.52599335
Age-standardized prevalence of obesity among adults (18+ years) (%),Yemen,SEX_BTSX,13.6537199
Life expectancy at birth (years),Yemen,SEX_BTSX,65.7620697
Life expectancy at birth (years),Yemen,SEX_MLE,63.08852768
Life expectancy at birth (years),Yemen,SEX_FMLE,68.56819153
Age-standardized prevalence of obesity among adults (18+ years) (%),Zambia,SEX_BTSX,11.07855034
Life expectancy at birth (years),Zambia,SEX_MLE,58.72094727
Life expectancy at birth (years),Zambia,SEX_FMLE,63.10931396
Life expectancy at birth (years),Zambia,SEX_BTSX,60.96884155
Age-standardized prevalence of obesity among adults (18+ years) (%),Zimbabwe,SEX_BTSX,14.21078014
Life expectancy at birth (years),Zimbabwe,SEX_FMLE,60.5333786
Life expectancy at birth (years),Zimbabwe,SEX_MLE,56.1946106
Life expectancy at birth (years),Zimbabwe,SEX_BTSX,58.48102188
