CTR_MN_NM,Total_Country_POP,Total_Access_POP,Percent_Access,IND_NAME,DIM_GEO_NAME,DIM_1_CODE,VALUE_NUMERIC
Afghanistan,7505489.389774147,430906.62574553234,0.0574121957100653,Age-standardized prevalence of obesity among adults (18+ years) (%),Afghanistan,SEX_BTSX,19.22258949
Afghanistan,7505489.389774147,430906.62574553234,0.0574121957100653,Life expectancy at birth (years),Afghanistan,SEX_BTSX,59.12690353
Afghanistan,7505489.389774147,430906.62574553234,0.0574121957100653,Life expectancy at birth (years),Afghanistan,SEX_FMLE,60.98603821
Afghanistan,7505489.389774147,430906.62574553234,0.0574121957100653,Life expectancy at birth (years),Afghanistan,SEX_MLE,57.40378189
Albania,1210948.960905237,795113.4734197841,0.6566036216963284,Age-standardized prevalence of obesity among adults (18+ years) (%),Albania,SEX_BTSX,23.36018944
Albania,1210948.960905237,795113.4734197841,0.6566036216963284,Life expectancy at birth (years),Albania,SEX_MLE,74.36082459
Albania,1210948.960905237,795113.4734197841,0.6566036216963284,Life expectancy at birth (years),Albania,SEX_BTSX,76.39089203
Albania,1210948.960905237,795113.4734197841,0.6566036216963284,Life expectancy at birth (years),Albania,SEX_FMLE,78.61238861
Algeria,16258144.398627654,6205853.905534613,0.3817073925151291,Age-standardized prevalence of obesity among adults (18+ years) (%),Algeria,SEX_BTSX,23.81498909
Algeria,16258144.398627654,6205853.905534613,0.3817073925151291,Life expectancy at birth (years),Algeria,SEX_MLE,75.50643158
Algeria,16258144.398627654,6205853.905534613,0.3817073925151291,Life expectancy at birth (years),Algeria,SEX_FMLE,76.63874817
Algeria,16258144.398627654,6205853.905534613,0.3817073925151291,Life expectancy at birth (years),Algeria,SEX_BTSX,75.9776535
Angola,13909358.124271356,1373390.82851631,0.0987386201610403,Age-standardized prevalence of obesity among adults (18+ years) (%),Angola,SEX_BTSX,11.47373009
Angola,13909358.124271356,1373390.82851631,0.0987386201610403,Life expectancy at birth (years),Angola,SEX_BTSX,62.13113403
Angola,13909358.124271356,1373390.82851631,0.0987386201610403,Life expectancy at birth (years),Angola,SEX_MLE,60.00746155
Angola,13909358.124271356,1373390.82851631,0.0987386201610403,Life expectancy at birth (years),Angola,SEX_FMLE,64.25583649
Argentina,23893682.844646405,14537433.660656858,0.6084216382705565,Age-standardized prevalence of obesity among adults (18+ years) (%),Argentina,SEX_BTSX,35.35520172
Argentina,23893682.844646405,14537433.660656858,0.6084216382705565,Life expectancy at birth (years),Argentina,SEX_BTSX,74.56897736
Argentina,23893682.844646405,14537433.660656858,0.6084216382705565,Life expectancy at birth (years),Argentina,SEX_MLE,71.5945282
Argentina,23893682.844646405,14537433.660656858,0.6084216382705565,Life expectancy at birth (years),Argentina,SEX_FMLE,77.57790375
Armenia,1215072.753593051,880748.747805595,0.7248526849122097,Age-standardized prevalence of obesity among adults (18+ years) (%),Armenia,SEX_BTSX,24.50904083
Armenia,1215072.753593051,880748.747805595,0.7248526849122097,Life expectancy at birth (years),Armenia,SEX_BTSX,72.98458099
Armenia,1215072.753593051,880748.747805595,0.7248526849122097,Life expectancy at birth (years),Armenia,SEX_FMLE,76.87322235
Armenia,1215072.753593051,880748.747805595,0.7248526849122097,Life expectancy at birth (years),Armenia,SEX_MLE,68.59851074
Australia,13453374.09673627,9712719.1147847,0.7219541391583666,Age-standardized prevalence of obesity among adults (18+ years) (%),Australia,SEX_BTSX,30.24390984
Australia,13453374.09673627,9712719.1147847,0.7219541391583666,Life expectancy at birth (years),Australia,SEX_MLE,81.30883026
Australia,13453374.09673627,9712719.1147847,0.7219541391583666,Life expectancy at birth (years),Australia,SEX_BTSX,83.10183716
Australia,13453374.09673627,9712719.1147847,0.7219541391583666,Life expectancy at birth (years),Australia,SEX_FMLE,84.89781952
Austria,2668292.5616396703,2596068.8300264026,0.9729326039237294,Age-standardized prevalence of obesity among adults (18+ years) (%),Austria,SEX_BTSX,15.36754036
Austria,2668292.5616396703,2596068.8300264026,0.9729326039237294,Life expectancy at birth (years),Austria,SEX_FMLE,83.30324554
Austria,2668292.5616396703,2596068.8300264026,0.9729326039237294,Life expectancy at birth (years),Austria,SEX_BTSX,80.99297333
Austria,2668292.5616396703,2596068.8300264026,0.9729326039237294,Life expectancy at birth (years),Austria,SEX_MLE,78.65946198
Azerbaijan,2843812.5916832816,1009428.0883291914,0.3549559106958243,Age-standardized prevalence of obesity among adults (18+ years) (%),Azerbaijan,SEX_BTSX,26.54887962
Azerbaijan,2843812.5916832816,1009428.0883291914,0.3549559106958243,Life expectancy at birth (years),Azerbaijan,SEX_BTSX,72.91294098
Azerbaijan,2843812.5916832816,1009428.0883291914,0.3549559106958243,Life expectancy at birth (years),Azerbaijan,SEX_MLE,70.49563599
Azerbaijan,2843812.5916832816,1009428.0883291914,0.3549559106958243,Life expectancy at birth (years),Azerbaijan,SEX_FMLE,75.19257355
Bahamas,170816.971603393,7177.751214027396,0.0420201291865358,Age-standardized prevalence of obesity among adults (18+ years) (%),Bahamas,SEX_BTSX,47.25754166
Bahamas,170816.971603393,7177.751214027396,0.0420201291865358,Life expectancy at birth (years),Bahamas,SEX_MLE,67.32828522
Bahamas,170816.971603393,7177.751214027396,0.0420201291865358,Life expectancy at birth (years),Bahamas,SEX_BTSX,70.43273926
Bahamas,170816.971603393,7177.751214027396,0.0420201291865358,Life expectancy at birth (years),Bahamas,SEX_FMLE,73.47279358
Bahrain,1514945.4589769803,218152.3480508328,0.1440001333105073,Age-standardized prevalence of obesity among adults (18+ years) (%),Bahrain,SEX_BTSX,36.12672043
Bahrain,1514945.4589769803,218152.3480508328,0.1440001333105073,Life expectancy at birth (years),Bahrain,SEX_BTSX,74.3837204
Bahrain,1514945.4589769803,218152.3480508328,0.1440001333105073,Life expectancy at birth (years),Bahrain,SEX_FMLE,75.0946579
Bahrain,1514945.4589769803,218152.3480508328,0.1440001333105073,Life expectancy at birth (years),Bahrain,SEX_MLE,73.81990051
Bangladesh,70315599.9406973,10786199.7473774,0.1533969667680323,Age-standardized prevalence of obesity among adults (18+ years) (%),Bangladesh,SEX_BTSX,5.303120136
Bangladesh,70315599.9406973,10786199.7473774,0.1533969667680323,Life expectancy at birth (years),Bangladesh,SEX_MLE,71.64660645
Bangladesh,70315599.9406973,10786199.7473774,0.1533969667680323,Life expectancy at birth (years),Bangladesh,SEX_FMLE,74.56256104
Bangladesh,70315599.9406973,10786199.7473774,0.1533969667680323,Life expectancy at birth (years),Bangladesh,SEX_BTSX,73.10251617
Barbados,112145.85157394412,55820.11654043196,0.4977457102247477,Age-standardized prevalence of obesity among adults (18+ years) (%),Barbados,SEX_BTSX,38.02479935
Barbados,112145.85157394412,55820.11654043196,0.4977457102247477,Life expectancy at birth (years),Barbados,SEX_MLE,75.12224579
Barbados,112145.85157394412,55820.11654043196,0.4977457102247477,Life expectancy at birth (years),Barbados,SEX_BTSX,76.84183502
Barbados,112145.85157394412,55820.11654043196,0.4977457102247477,Life expectancy at birth (years),Barbados,SEX_FMLE,78.40878296
Belarus,4612884.644144582,4095285.6103948406,0.8877927644675092,Age-standardized prevalence of obesity among adults (18+ years) (%),Belarus,SEX_BTSX,21.37462044
Belarus,4612884.644144582,4095285.6103948406,0.8877927644675092,Life expectancy at birth (years),Belarus,SEX_FMLE,78.13226318
Belarus,4612884.644144582,4095285.6103948406,0.8877927644675092,Life expectancy at birth (years),Belarus,SEX_MLE,68.06072998
Belarus,4612884.644144582,4095285.6103948406,0.8877927644675092,Life expectancy at birth (years),Belarus,SEX_BTSX,73.12324524
Belgium,3783405.30829447,3579572.6796893426,0.946124559227567,Age-standardized prevalence of obesity among adults (18+ years) (%),Belgium,SEX_BTSX,20.02536964
Belgium,3783405.30829447,3579572.6796893426,0.946124559227567,Life expectancy at birth (years),Belgium,SEX_FMLE,83.68795013
Belgium,3783405.30829447,3579572.6796893426,0.946124559227567,Life expectancy at birth (years),Belgium,SEX_BTSX,81.50596619
Belgium,3783405.30829447,3579572.6796893426,0.946124559227567,Life expectancy at birth (years),Belgium,SEX_MLE,79.28523254
Belize,21148.61987113951,5175.060368537901,0.2446996730789063,Age-standardized prevalence of obesity among adults (18+ years) (%),Belize,SEX_BTSX,42.32286835
Belize,21148.61987113951,5175.060368537901,0.2446996730789063,Life expectancy at birth (years),Belize,SEX_MLE,71.36484528
Belize,21148.61987113951,5175.060368537901,0.2446996730789063,Life expectancy at birth (years),Belize,SEX_FMLE,75.44019318
Belize,21148.61987113951,5175.060368537901,0.2446996730789063,Life expectancy at birth (years),Belize,SEX_BTSX,73.32055664
Benin,2415530.094445831,50013.97039794928,0.0207051737889539,Age-standardized prevalence of obesity among adults (18+ years) (%),Benin,SEX_BTSX,11.16586018
Benin,2415530.094445831,50013.97039794928,0.0207051737889539,Life expectancy at birth (years),Benin,SEX_FMLE,66.37542725
Benin,2415530.094445831,50013.97039794928,0.0207051737889539,Life expectancy at birth (years),Benin,SEX_MLE,61.71936035
Benin,2415530.094445831,50013.97039794928,0.0207051737889539,Life expectancy at birth (years),Benin,SEX_BTSX,64.01268768
Bhutan,3500.137038230896,2170.3819971084604,0.6200848633645084,Age-standardized prevalence of obesity among adults (18+ years) (%),Bhutan,SEX_BTSX,12.17730999
Bhutan,3500.137038230896,2170.3819971084604,0.6200848633645084,Life expectancy at birth (years),Bhutan,SEX_FMLE,75.9397583
Bhutan,3500.137038230896,2170.3819971084604,0.6200848633645084,Life expectancy at birth (years),Bhutan,SEX_MLE,73.92720795
Bhutan,3500.137038230896,2170.3819971084604,0.6200848633645084,Life expectancy at birth (years),Bhutan,SEX_BTSX,74.8764267
Bosnia and Herzegovina,393199.005224257,187157.329806089,0.4759862749381722,Age-standardized prevalence of obesity among adults (18+ years) (%),Bosnia and Herzegovina,SEX_BTSX,21.1939106
Bosnia and Herzegovina,393199.005224257,187157.329806089,0.4759862749381722,Life expectancy at birth (years),Bosnia and Herzegovina,SEX_BTSX,74.84944153
Bosnia and Herzegovina,393199.005224257,187157.329806089,0.4759862749381722,Life expectancy at birth (years),Bosnia and Herzegovina,SEX_MLE,72.55525208
Bosnia and Herzegovina,393199.005224257,187157.329806089,0.4759862749381722,Life expectancy at birth (years),Bosnia and Herzegovina,SEX_FMLE,77.19796753
Botswana,192070.56328654292,-54973.84615802765,-0.2862169257868745,Age-standardized prevalence of obesity among adults (18+ years) (%),Botswana,SEX_BTSX,18.2908802
Botswana,192070.56328654292,-54973.84615802765,-0.2862169257868745,Life expectancy at birth (years),Botswana,SEX_BTSX,61.23118973
Botswana,192070.56328654292,-54973.84615802765,-0.2862169257868745,Life expectancy at birth (years),Botswana,SEX_MLE,59.22470856
Botswana,192070.56328654292,-54973.84615802765,-0.2862169257868745,Life expectancy at birth (years),Botswana,SEX_FMLE,63.17931366
Brazil,113582162.6140578,52441423.8197571,0.4617047484643204,Age-standardized prevalence of obesity among adults (18+ years) (%),Brazil,SEX_BTSX,28.14183998
Brazil,113582162.6140578,52441423.8197571,0.4617047484643204,Life expectancy at birth (years),Brazil,SEX_FMLE,75.84727478
Brazil,113582162.6140578,52441423.8197571,0.4617047484643204,Life expectancy at birth (years),Brazil,SEX_BTSX,72.38840485
Brazil,113582162.6140578,52441423.8197571,0.4617047484643204,Life expectancy at birth (years),Brazil,SEX_MLE,69.04411316
Bulgaria,1199843.045668776,833977.8091487938,0.695072419812998,Age-standardized prevalence of obesity among adults (18+ years) (%),Bulgaria,SEX_BTSX,20.58764076
Bulgaria,1199843.045668776,833977.8091487938,0.695072419812998,Life expectancy at birth (years),Bulgaria,SEX_FMLE,74.97959137
Bulgaria,1199843.045668776,833977.8091487938,0.695072419812998,Life expectancy at birth (years),Bulgaria,SEX_MLE,67.97640228
Bulgaria,1199843.045668776,833977.8091487938,0.695072419812998,Life expectancy at birth (years),Bulgaria,SEX_BTSX,71.30586243
Burkina Faso,3175921.68481196,1103363.661631592,0.3474152611848551,Age-standardized prevalence of obesity among adults (18+ years) (%),Burkina Faso,SEX_BTSX,6.74530983
Burkina Faso,3175921.68481196,1103363.661631592,0.3474152611848551,Life expectancy at birth (years),Burkina Faso,SEX_FMLE,64.64479065
Burkina Faso,3175921.68481196,1103363.661631592,0.3474152611848551,Life expectancy at birth (years),Burkina Faso,SEX_BTSX,62.29728699
Burkina Faso,3175921.68481196,1103363.661631592,0.3474152611848551,Life expectancy at birth (years),Burkina Faso,SEX_MLE,59.87614059
Burundi,1386951.7847740648,-401500.1734008789,-0.2894838723368336,Age-standardized prevalence of obesity among adults (18+ years) (%),Burundi,SEX_BTSX,5.021910191
Burundi,1386951.7847740648,-401500.1734008789,-0.2894838723368336,Life expectancy at birth (years),Burundi,SEX_BTSX,64.00695038
Burundi,1386951.7847740648,-401500.1734008789,-0.2894838723368336,Life expectancy at birth (years),Burundi,SEX_MLE,62.04709244
Burundi,1386951.7847740648,-401500.1734008789,-0.2894838723368336,Life expectancy at birth (years),Burundi,SEX_FMLE,65.94968414
Cambodia,2685671.9736685804,840241.9636540436,0.3128609792603554,Age-standardized prevalence of obesity among adults (18+ years) (%),Cambodia,SEX_BTSX,4.363880157
Cambodia,2685671.9736685804,840241.9636540436,0.3128609792603554,Life expectancy at birth (years),Cambodia,SEX_FMLE,71.45082092
Cambodia,2685671.9736685804,840241.9636540436,0.3128609792603554,Life expectancy at birth (years),Cambodia,SEX_MLE,66.3507309
Cambodia,2685671.9736685804,840241.9636540436,0.3128609792603554,Life expectancy at birth (years),Cambodia,SEX_BTSX,68.92399597
Cameroon,6613924.556585619,-162025.96207118026,-0.0244977033960642,Age-standardized prevalence of obesity among adults (18+ years) (%),Cameroon,SEX_BTSX,14.88249969
Cameroon,6613924.556585619,-162025.96207118026,-0.0244977033960642,Life expectancy at birth (years),Cameroon,SEX_BTSX,61.76934814
Cameroon,6613924.556585619,-162025.96207118026,-0.0244977033960642,Life expectancy at birth (years),Cameroon,SEX_MLE,59.88696289
Cameroon,6613924.556585619,-162025.96207118026,-0.0244977033960642,Life expectancy at birth (years),Cameroon,SEX_FMLE,63.7244072
Canada,21097944.081372708,16613059.194370424,0.7874255012855982,Age-standardized prevalence of obesity among adults (18+ years) (%),Canada,SEX_BTSX,26.22711945
Canada,21097944.081372708,16613059.194370424,0.7874255012855982,Life expectancy at birth (years),Canada,SEX_BTSX,81.58276367
Canada,21097944.081372708,16613059.194370424,0.7874255012855982,Life expectancy at birth (years),Canada,SEX_MLE,79.37275696
Canada,21097944.081372708,16613059.194370424,0.7874255012855982,Life expectancy at birth (years),Canada,SEX_FMLE,83.81497955
Central African Republic,879941.4457638292,-51136.647637844086,-0.0581136936827144,Age-standardized prevalence of obesity among adults (18+ years) (%),Central African Republic,SEX_BTSX,9.296139717
Central African Republic,879941.4457638292,-51136.647637844086,-0.0581136936827144,Life expectancy at birth (years),Central African Republic,SEX_BTSX,52.30772781
Central African Republic,879941.4457638292,-51136.647637844086,-0.0581136936827144,Life expectancy at birth (years),Central African Republic,SEX_MLE,49.57149124
Central African Republic,879941.4457638292,-51136.647637844086,-0.0581136936827144,Life expectancy at birth (years),Central African Republic,SEX_FMLE,55.37900162
Chad,890734.1088368318,-402796.5441186429,-0.4522073872804042,Age-standardized prevalence of obesity among adults (18+ years) (%),Chad,SEX_BTSX,6.692279816
Chad,890734.1088368318,-402796.5441186429,-0.4522073872804042,Life expectancy at birth (years),Chad,SEX_FMLE,60.66775513
Chad,890734.1088368318,-402796.5441186429,-0.4522073872804042,Life expectancy at birth (years),Chad,SEX_BTSX,59.08581543
Chad,890734.1088368318,-402796.5441186429,-0.4522073872804042,Life expectancy at birth (years),Chad,SEX_MLE,57.53495789
Chile,9601085.748557838,4290943.034847253,0.4469226863734435,Age-standardized prevalence of obesity among adults (18+ years) (%),Chile,SEX_BTSX,38.91461182
Chile,9601085.748557838,4290943.034847253,0.4469226863734435,Life expectancy at birth (years),Chile,SEX_BTSX,79.02404785
Chile,9601085.748557838,4290943.034847253,0.4469226863734435,Life expectancy at birth (years),Chile,SEX_FMLE,81.42331696
Chile,9601085.748557838,4290943.034847253,0.4469226863734435,Life expectancy at birth (years),Chile,SEX_MLE,76.68998718
China,563513405.5568962,182655176.28633744,0.324136346154582,Age-standardized prevalence of obesity among adults (18+ years) (%),China,SEX_BTSX,8.279529572
China,563513405.5568962,182655176.28633744,0.324136346154582,Life expectancy at birth (years),China,SEX_MLE,74.95413208
China,563513405.5568962,182655176.28633744,0.324136346154582,Life expectancy at birth (years),China,SEX_FMLE,80.52324677
China,563513405.5568962,182655176.28633744,0.324136346154582,Life expectancy at birth (years),China,SEX_BTSX,77.61619568
Colombia,21581324.851571288,6737895.113850598,0.312209521898746,Age-standardized prevalence of obesity among adults (18+ years) (%),Colombia,SEX_BTSX,23.61547089
Colombia,21581324.851571288,6737895.113850598,0.312209521898746,Life expectancy at birth (years),Colombia,SEX_FMLE,77.62155914
Colombia,21581324.851571288,6737895.113850598,0.312209521898746,Life expectancy at birth (years),Colombia,SEX_MLE,71.55393219
Colombia,21581324.851571288,6737895.113850598,0.312209521898746,Life expectancy at birth (years),Colombia,SEX_BTSX,74.53297424
Comoros,61923.824344158245,-3491.2444791793823,-0.0563796651152528,Age-standardized prevalence of obesity among adults (18+ years) (%),Comoros,SEX_BTSX,16.27774048
Comoros,61923.824344158245,-3491.2444791793823,-0.0563796651152528,Life expectancy at birth (years),Comoros,SEX_FMLE,68.72786713
Comoros,61923.824344158245,-3491.2444791793823,-0.0563796651152528,Life expectancy at birth (years),Comoros,SEX_BTSX,67.49703979
Comoros,61923.824344158245,-3491.2444791793823,-0.0563796651152528,Life expectancy at birth (years),Comoros,SEX_MLE,66.30130768
Costa Rica,2125787.08621418,865635.9624152177,0.4072072730279075,Age-standardized prevalence of obesity among adults (18+ years) (%),Costa Rica,SEX_BTSX,31.38760948
Costa Rica,2125787.08621418,865635.9624152177,0.4072072730279075,Life expectancy at birth (years),Costa Rica,SEX_MLE,75.87686157
Costa Rica,2125787.08621418,865635.9624152177,0.4072072730279075,Life expectancy at birth (years),Costa Rica,SEX_BTSX,78.63053131
Costa Rica,2125787.08621418,865635.9624152177,0.4072072730279075,Life expectancy at birth (years),Costa Rica,SEX_FMLE,81.50602722
Croatia,893860.5868231641,777248.7400766625,0.8695413485441311,Age-standardized prevalence of obesity among adults (18+ years) (%),Croatia,SEX_BTSX,30.61657906
Croatia,893860.5868231641,777248.7400766625,0.8695413485441311,Life expectancy at birth (years),Croatia,SEX_FMLE,80.01118469
Croatia,893860.5868231641,777248.7400766625,0.8695413485441311,Life expectancy at birth (years),Croatia,SEX_BTSX,76.86167908
Croatia,893860.5868231641,777248.7400766625,0.8695413485441311,Life expectancy at birth (years),Croatia,SEX_MLE,73.77732086
Cuba,3089380.3495119787,1771273.596859925,0.5733426760287799,Age-standardized prevalence of obesity among adults (18+ years) (%),Cuba,SEX_BTSX,21.76092911
Cuba,3089380.3495119787,1771273.596859925,0.5733426760287799,Life expectancy at birth (years),Cuba,SEX_BTSX,73.67333221
Cuba,3089380.3495119787,1771273.596859925,0.5733426760287799,Life expectancy at birth (years),Cuba,SEX_FMLE,76.50608826
Cuba,3089380.3495119787,1771273.596859925,0.5733426760287799,Life expectancy at birth (years),Cuba,SEX_MLE,71.12595367
Cyprus,432495.7386559997,204058.7906003741,0.471816881328117,Age-standardized prevalence of obesity among adults (18+ years) (%),Cyprus,SEX_BTSX,22.93652916
Cyprus,432495.7386559997,204058.7906003741,0.471816881328117,Life expectancy at birth (years),Cyprus,SEX_MLE,79.8661499
Cyprus,432495.7386559997,204058.7906003741,0.471816881328117,Life expectancy at birth (years),Cyprus,SEX_FMLE,83.96356964
Cyprus,432495.7386559997,204058.7906003741,0.471816881328117,Life expectancy at birth (years),Cyprus,SEX_BTSX,81.91274261
Côte d'Ivoire,7307194.904384989,4232175.7815964585,0.5791792660486945,Age-standardized prevalence of obesity among adults (18+ years) (%),Côte d'Ivoire,SEX_BTSX,11.6430397
Côte d'Ivoire,7307194.904384989,4232175.7815964585,0.5791792660486945,Life expectancy at birth (years),Côte d'Ivoire,SEX_FMLE,65.98000336
Côte d'Ivoire,7307194.904384989,4232175.7815964585,0.5791792660486945,Life expectancy at birth (years),Côte d'Ivoire,SEX_MLE,61.3910408
Côte d'Ivoire,7307194.904384989,4232175.7815964585,0.5791792660486945,Life expectancy at birth (years),Côte d'Ivoire,SEX_BTSX,63.51740646
Democratic Republic of the Congo,15623765.33950466,-894991.6512131689,-0.0572839921596994,Age-standardized prevalence of obesity among adults (18+ years) (%),Democratic Republic of the Congo,SEX_BTSX,6.640550137
Democratic Republic of the Congo,15623765.33950466,-894991.6512131689,-0.0572839921596994,Life expectancy at birth (years),Democratic Republic of the Congo,SEX_BTSX,61.62552643
Democratic Republic of the Congo,15623765.33950466,-894991.6512131689,-0.0572839921596994,Life expectancy at birth (years),Democratic Republic of the Congo,SEX_MLE,59.42621613
Democratic Republic of the Congo,15623765.33950466,-894991.6512131689,-0.0572839921596994,Life expectancy at birth (years),Democratic Republic of the Congo,SEX_FMLE,63.91177368
Denmark,1744332.576098397,1617109.1333078505,0.9270646867840358,Age-standardized prevalence of obesity among adults (18+ years) (%),Denmark,SEX_BTSX,13.27851009
Denmark,1744332.576098397,1617109.1333078505,0.9270646867840358,Life expectancy at birth (years),Denmark,SEX_BTSX,81.18400574
Denmark,1744332.576098397,1617109.1333078505,0.9270646867840358,Life expectancy at birth (years),Denmark,SEX_MLE,79.46414185
Denmark,1744332.576098397,1617109.1333078505,0.9270646867840358,Life expectancy at birth (years),Denmark,SEX_FMLE,82.90091705
Djibouti,253394.2020149826,-8706.878852844235,-0.0343610026733343,Age-standardized prevalence of obesity among adults (18+ years) (%),Djibouti,SEX_BTSX,11.34677982
Djibouti,253394.2020149826,-8706.878852844235,-0.0343610026733343,Life expectancy at birth (years),Djibouti,SEX_MLE,63.04217911
Djibouti,253394.2020149826,-8706.878852844235,-0.0343610026733343,Life expectancy at birth (years),Djibouti,SEX_BTSX,64.87226868
Djibouti,253394.2020149826,-8706.878852844235,-0.0343610026733343,Life expectancy at birth (years),Djibouti,SEX_FMLE,66.72945404
Dominican Republic,5803317.067259475,745580.5202140802,0.1284748897178849,Age-standardized prevalence of obesity among adults (18+ years) (%),Dominican Republic,SEX_BTSX,29.34004974
Dominican Republic,5803317.067259475,745580.5202140802,0.1284748897178849,Life expectancy at birth (years),Dominican Republic,SEX_FMLE,76.75536346
Dominican Republic,5803317.067259475,745580.5202140802,0.1284748897178849,Life expectancy at birth (years),Dominican Republic,SEX_MLE,70.16326904
Dominican Republic,5803317.067259475,745580.5202140802,0.1284748897178849,Life expectancy at birth (years),Dominican Republic,SEX_BTSX,73.32102966
Ecuador,6675696.987323298,2681903.5985679524,0.4017413617874969,Age-standardized prevalence of obesity among adults (18+ years) (%),Ecuador,SEX_BTSX,27.37854958
Ecuador,6675696.987323298,2681903.5985679524,0.4017413617874969,Life expectancy at birth (years),Ecuador,SEX_FMLE,77.20480347
Ecuador,6675696.987323298,2681903.5985679524,0.4017413617874969,Life expectancy at birth (years),Ecuador,SEX_BTSX,73.95801544
Ecuador,6675696.987323298,2681903.5985679524,0.4017413617874969,Life expectancy at birth (years),Ecuador,SEX_MLE,70.95068359
Egypt,59834039.87187399,7435582.9201807985,0.1242701134020539,Age-standardized prevalence of obesity among adults (18+ years) (%),Egypt,SEX_BTSX,44.27019882
Egypt,59834039.87187399,7435582.9201807985,0.1242701134020539,Life expectancy at birth (years),Egypt,SEX_BTSX,69.10821533
Egypt,59834039.87187399,7435582.9201807985,0.1242701134020539,Life expectancy at birth (years),Egypt,SEX_FMLE,71.70874023
Egypt,59834039.87187399,7435582.9201807985,0.1242701134020539,Life expectancy at birth (years),Egypt,SEX_MLE,66.68998718
El Salvador,2092145.3004641675,211037.98027515417,0.1008715695933417,Age-standardized prevalence of obesity among adults (18+ years) (%),El Salvador,SEX_BTSX,30.88002968
El Salvador,2092145.3004641675,211037.98027515417,0.1008715695933417,Life expectancy at birth (years),El Salvador,SEX_FMLE,76.24875641
El Salvador,2092145.3004641675,211037.98027515417,0.1008715695933417,Life expectancy at birth (years),El Salvador,SEX_MLE,66.76773071
El Salvador,2092145.3004641675,211037.98027515417,0.1008715695933417,Life expectancy at birth (years),El Salvador,SEX_BTSX,71.66703796
Equatorial Guinea,64128.78702491529,8315.999872922892,0.1296765502471138,Age-standardized prevalence of obesity among adults (18+ years) (%),Equatorial Guinea,SEX_BTSX,17.67374039
Equatorial Guinea,64128.78702491529,8315.999872922892,0.1296765502471138,Life expectancy at birth (years),Equatorial Guinea,SEX_FMLE,63.21443939
Equatorial Guinea,64128.78702491529,8315.999872922892,0.1296765502471138,Life expectancy at birth (years),Equatorial Guinea,SEX_MLE,60.17118835
Equatorial Guinea,64128.78702491529,8315.999872922892,0.1296765502471138,Life expectancy at birth (years),Equatorial Guinea,SEX_BTSX,61.60542297
Eritrea,234955.23012307647,-113464.46657586098,-0.4829195183968662,Age-standardized prevalence of obesity among adults (18+ years) (%),Eritrea,SEX_BTSX,4.832570076
Eritrea,234955.23012307647,-113464.46657586098,-0.4829195183968662,Life expectancy at birth (years),Eritrea,SEX_FMLE,66.23751068
Eritrea,234955.23012307647,-113464.46657586098,-0.4829195183968662,Life expectancy at birth (years),Eritrea,SEX_MLE,60.90835953
Eritrea,234955.23012307647,-113464.46657586098,-0.4829195183968662,Life expectancy at birth (years),Eritrea,SEX_BTSX,63.57308578
Estonia,405543.31115793495,394576.32701050746,0.9729573048163124,Age-standardized prevalence of obesity among adults (18+ years) (%),Estonia,SEX_BTSX,22.16319084
Estonia,405543.31115793495,394576.32701050746,0.9729573048163124,Life expectancy at birth (years),Estonia,SEX_FMLE,81.19586182
Estonia,405543.31115793495,394576.32701050746,0.9729573048163124,Life expectancy at birth (years),Estonia,SEX_MLE,72.82558441
Estonia,405543.31115793495,394576.32701050746,0.9729573048163124,Life expectancy at birth (years),Estonia,SEX_BTSX,77.13131714
Ethiopia,12976277.44367348,-2476725.437752233,-0.1908656352719822,Age-standardized prevalence of obesity among adults (18+ years) (%),Ethiopia,SEX_BTSX,2.822770119
Ethiopia,12976277.44367348,-2476725.437752233,-0.1908656352719822,Life expectancy at birth (years),Ethiopia,SEX_MLE,65.96191406
Ethiopia,12976277.44367348,-2476725.437752233,-0.1908656352719822,Life expectancy at birth (years),Ethiopia,SEX_FMLE,69.74860382
Ethiopia,12976277.44367348,-2476725.437752233,-0.1908656352719822,Life expectancy at birth (years),Ethiopia,SEX_BTSX,67.83908844
Fiji,216131.29141365,138131.46100151548,0.6391090345966981,Age-standardized prevalence of obesity among adults (18+ years) (%),Fiji,SEX_BTSX,33.83843994
Fiji,216131.29141365,138131.46100151548,0.6391090345966981,Life expectancy at birth (years),Fiji,SEX_FMLE,67.67014313
Fiji,216131.29141365,138131.46100151548,0.6391090345966981,Life expectancy at birth (years),Fiji,SEX_BTSX,65.50058746
Fiji,216131.29141365,138131.46100151548,0.6391090345966981,Life expectancy at birth (years),Fiji,SEX_MLE,63.49181747
Finland,1085741.670925503,1039193.4405551008,0.9571277112992048,Age-standardized prevalence of obesity among adults (18+ years) (%),Finland,SEX_BTSX,21.50906944
Finland,1085741.670925503,1039193.4405551008,0.9571277112992048,Life expectancy at birth (years),Finland,SEX_BTSX,81.53419495
Finland,1085741.670925503,1039193.4405551008,0.9571277112992048,Life expectancy at birth (years),Finland,SEX_MLE,79.00774384
Finland,1085741.670925503,1039193.4405551008,0.9571277112992048,Life expectancy at birth (years),Finland,SEX_FMLE,84.06163788
France,22877656.722540744,22296322.464407817,0.9745894317244408,Age-standardized prevalence of obesity among adults (18+ years) (%),France,SEX_BTSX,9.698479652
France,22877656.722540744,22296322.464407817,0.9745894317244408,Life expectancy at birth (years),France,SEX_MLE,79.07624054
France,22877656.722540744,22296322.464407817,0.9745894317244408,Life expectancy at birth (years),France,SEX_BTSX,81.92274475
France,22877656.722540744,22296322.464407817,0.9745894317244408,Life expectancy at birth (years),France,SEX_FMLE,84.68614197
Gabon,328242.029979169,-15799.442016601552,-0.048133512998333,Age-standardized prevalence of obesity among adults (18+ years) (%),Gabon,SEX_BTSX,21.01852036
Gabon,328242.029979169,-15799.442016601552,-0.048133512998333,Life expectancy at birth (years),Gabon,SEX_MLE,62.68143845
Gabon,328242.029979169,-15799.442016601552,-0.048133512998333,Life expectancy at birth (years),Gabon,SEX_BTSX,65.09381104
Gabon,328242.029979169,-15799.442016601552,-0.048133512998333,Life expectancy at birth (years),Gabon,SEX_FMLE,67.9184494
Gambia,792569.644386533,34402.088445663445,0.0434057608556172,Age-standardized prevalence of obesity among adults (18+ years) (%),Gambia,SEX_BTSX,14.93299961
Gambia,792569.644386533,34402.088445663445,0.0434057608556172,Life expectancy at birth (years),Gambia,SEX_BTSX,64.21396637
Gambia,792569.644386533,34402.088445663445,0.0434057608556172,Life expectancy at birth (years),Gambia,SEX_MLE,62.22161865
Gambia,792569.644386533,34402.088445663445,0.0434057608556172,Life expectancy at birth (years),Gambia,SEX_FMLE,66.26215363
Georgia,1424432.9803813712,706062.3335311407,0.4956795744381759,Age-standardized prevalence of obesity among adults (18+ years) (%),Georgia,SEX_BTSX,34.65962982
Georgia,1424432.9803813712,706062.3335311407,0.4956795744381759,Life expectancy at birth (years),Georgia,SEX_BTSX,71.24038696
Georgia,1424432.9803813712,706062.3335311407,0.4956795744381759,Life expectancy at birth (years),Georgia,SEX_MLE,66.85416412
Georgia,1424432.9803813712,706062.3335311407,0.4956795744381759,Life expectancy at birth (years),Georgia,SEX_FMLE,75.59980774
Germany,25838752.538034864,24405302.70483575,0.9445232570307308,Age-standardized prevalence of obesity among adults (18+ years) (%),Germany,SEX_BTSX,20.40370941
Germany,25838752.538034864,24405302.70483575,0.9445232570307308,Life expectancy at birth (years),Germany,SEX_MLE,78.14950562
Germany,25838752.538034864,24405302.70483575,0.9445232570307308,Life expectancy at birth (years),Germany,SEX_BTSX,80.4914093
Germany,25838752.538034864,24405302.70483575,0.9445232570307308,Life expectancy at birth (years),Germany,SEX_FMLE,82.85917664
Ghana,10368447.016875912,3054456.641084909,0.2945915271702125,Age-standardized prevalence of obesity among adults (18+ years) (%),Ghana,SEX_BTSX,12.9313097
Ghana,10368447.016875912,3054456.641084909,0.2945915271702125,Life expectancy at birth (years),Ghana,SEX_BTSX,66.10178375
Ghana,10368447.016875912,3054456.641084909,0.2945915271702125,Life expectancy at birth (years),Ghana,SEX_FMLE,68.6049881
Ghana,10368447.016875912,3054456.641084909,0.2945915271702125,Life expectancy at birth (years),Ghana,SEX_MLE,63.69049072
Greece,4725575.433778478,4489711.50900617,0.9500877875980246,Age-standardized prevalence of obesity among adults (18+ years) (%),Greece,SEX_BTSX,27.98150063
Greece,4725575.433778478,4489711.50900617,0.9500877875980246,Life expectancy at birth (years),Greece,SEX_FMLE,81.95119476
Greece,4725575.433778478,4489711.50900617,0.9500877875980246,Life expectancy at birth (years),Greece,SEX_MLE,77.25505829
Greece,4725575.433778478,4489711.50900617,0.9500877875980246,Life expectancy at birth (years),Greece,SEX_BTSX,79.59784698
Guatemala,3764780.491331322,107877.58846807356,0.0286544165633214,Age-standardized prevalence of obesity among adults (18+ years) (%),Guatemala,SEX_BTSX,26.81023979
Guatemala,3764780.491331322,107877.58846807356,0.0286544165633214,Life expectancy at birth (years),Guatemala,SEX_FMLE,71.89797211
Guatemala,3764780.491331322,107877.58846807356,0.0286544165633214,Life expectancy at birth (years),Guatemala,SEX_MLE,65.64514923
Guatemala,3764780.491331322,107877.58846807356,0.0286544165633214,Life expectancy at birth (years),Guatemala,SEX_BTSX,68.69573975
Guinea,2808723.669553753,215810.3066215508,0.0768357204238032,Age-standardized prevalence of obesity among adults (18+ years) (%),Guinea,SEX_BTSX,9.534179688
Guinea,2808723.669553753,215810.3066215508,0.0768357204238032,Life expectancy at birth (years),Guinea,SEX_FMLE,62.47833633
Guinea,2808723.669553753,215810.3066215508,0.0768357204238032,Life expectancy at birth (years),Guinea,SEX_BTSX,61.26250839
Guinea,2808723.669553753,215810.3066215508,0.0768357204238032,Life expectancy at birth (years),Guinea,SEX_MLE,59.94664383
Guinea-Bissau,443684.511195062,-19671.689895629883,-0.0443371120678616,Age-standardized prevalence of obesity among adults (18+ years) (%),Guinea-Bissau,SEX_BTSX,11.47050953
Guinea-Bissau,443684.511195062,-19671.689895629883,-0.0443371120678616,Life expectancy at birth (years),Guinea-Bissau,SEX_BTSX,58.62801743
Guinea-Bissau,443684.511195062,-19671.689895629883,-0.0443371120678616,Life expectancy at birth (years),Guinea-Bissau,SEX_FMLE,61.10224915
Guinea-Bissau,443684.511195062,-19671.689895629883,-0.0443371120678616,Life expectancy at birth (years),Guinea-Bissau,SEX_MLE,56.07573318
Guyana,113851.21725630751,-19998.0,-0.1756502959031128,Age-standardized prevalence of obesity among adults (18+ years) (%),Guyana,SEX_BTSX,28.45774078
Guyana,113851.21725630751,-19998.0,-0.1756502959031128,Life expectancy at birth (years),Guyana,SEX_MLE,62.97730255
Guyana,113851.21725630751,-19998.0,-0.1756502959031128,Life expectancy at birth (years),Guyana,SEX_FMLE,69.31385803
Guyana,113851.21725630751,-19998.0,-0.1756502959031128,Life expectancy at birth (years),Guyana,SEX_BTSX,66.07775116
Haiti,4196959.369681573,91094.31720471394,0.0217048365687717,Age-standardized prevalence of obesity among adults (18+ years) (%),Haiti,SEX_BTSX,10.68922997
Haiti,4196959.369681573,91094.31720471394,0.0217048365687717,Life expectancy at birth (years),Haiti,SEX_FMLE,63.20708466
Haiti,4196959.369681573,91094.31720471394,0.0217048365687717,Life expectancy at birth (years),Haiti,SEX_BTSX,62.45638657
Haiti,4196959.369681573,91094.31720471394,0.0217048365687717,Life expectancy at birth (years),Haiti,SEX_MLE,61.6996727
Honduras,2006378.769168418,46721.82188796993,0.0232866408905107,Age-standardized prevalence of obesity among adults (18+ years) (%),Honduras,SEX_BTSX,29.4924202
Honduras,2006378.769168418,46721.82188796993,0.0232866408905107,Life expectancy at birth (years),Honduras,SEX_BTSX,68.96309662
Honduras,2006378.769168418,46721.82188796993,0.0232866408905107,Life expectancy at birth (years),Honduras,SEX_MLE,67.43759155
Honduras,2006378.769168418,46721.82188796993,0.0232866408905107,Life expectancy at birth (years),Honduras,SEX_FMLE,70.53263092
Hungary,2692514.0787720624,2637359.95610558,0.9795157532874864,Age-standardized prevalence of obesity among adults (18+ years) (%),Hungary,SEX_BTSX,31.7039299
Hungary,2692514.0787720624,2637359.95610558,0.9795157532874864,Life expectancy at birth (years),Hungary,SEX_BTSX,74.39546967
Hungary,2692514.0787720624,2637359.95610558,0.9795157532874864,Life expectancy at birth (years),Hungary,SEX_FMLE,77.82603455
Hungary,2692514.0787720624,2637359.95610558,0.9795157532874864,Life expectancy at birth (years),Hungary,SEX_MLE,70.94422913
Iceland,121146.3160974982,115026.259044528,0.9494821035412682,Age-standardized prevalence of obesity among adults (18+ years) (%),Iceland,SEX_BTSX,21.23440933
Iceland,121146.3160974982,115026.259044528,0.9494821035412682,Life expectancy at birth (years),Iceland,SEX_MLE,81.32974243
Iceland,121146.3160974982,115026.259044528,0.9494821035412682,Life expectancy at birth (years),Iceland,SEX_BTSX,82.57766724
Iceland,121146.3160974982,115026.259044528,0.9494821035412682,Life expectancy at birth (years),Iceland,SEX_FMLE,83.88967133
India,349410010.5147836,64345943.18465096,0.1841559807913072,Age-standardized prevalence of obesity among adults (18+ years) (%),India,SEX_BTSX,7.267889977
India,349410010.5147836,64345943.18465096,0.1841559807913072,Life expectancy at birth (years),India,SEX_FMLE,69.01961517
India,349410010.5147836,64345943.18465096,0.1841559807913072,Life expectancy at birth (years),India,SEX_MLE,65.77192688
India,349410010.5147836,64345943.18465096,0.1841559807913072,Life expectancy at birth (years),India,SEX_BTSX,67.30780792
Indonesia,108900563.73474488,9519579.640581122,0.0874153384896012,Age-standardized prevalence of obesity among adults (18+ years) (%),Indonesia,SEX_BTSX,11.22786999
Indonesia,108900563.73474488,9519579.640581122,0.0874153384896012,Life expectancy at birth (years),Indonesia,SEX_MLE,66.41326904
Indonesia,108900563.73474488,9519579.640581122,0.0874153384896012,Life expectancy at birth (years),Indonesia,SEX_BTSX,68.2616806
Indonesia,108900563.73474488,9519579.640581122,0.0874153384896012,Life expectancy at birth (years),Indonesia,SEX_FMLE,70.17754364
Iraq,9024144.084419684,-343155.44614934927,-0.0380263704722769,Age-standardized prevalence of obesity among adults (18+ years) (%),Iraq,SEX_BTSX,40.48524857
Iraq,9024144.084419684,-343155.44614934927,-0.0380263704722769,Life expectancy at birth (years),Iraq,SEX_FMLE,73.91197205
Iraq,9024144.084419684,-343155.44614934927,-0.0380263704722769,Life expectancy at birth (years),Iraq,SEX_MLE,68.88970947
Iraq,9024144.084419684,-343155.44614934927,-0.0380263704722769,Life expectancy at birth (years),Iraq,SEX_BTSX,71.46632385
Ireland,1413269.9635733138,1381451.7395042195,0.977486096153459,Age-standardized prevalence of obesity among adults (18+ years) (%),Ireland,SEX_BTSX,28.34654999
Ireland,1413269.9635733138,1381451.7395042195,0.977486096153459,Life expectancy at birth (years),Ireland,SEX_MLE,79.86626434
Ireland,1413269.9635733138,1381451.7395042195,0.977486096153459,Life expectancy at birth (years),Ireland,SEX_BTSX,81.60163116
Ireland,1413269.9635733138,1381451.7395042195,0.977486096153459,Life expectancy at birth (years),Ireland,SEX_FMLE,83.35086823
Israel,3703422.46305918,3423652.6799354493,0.924456422156972,Age-standardized prevalence of obesity among adults (18+ years) (%),Israel,SEX_BTSX,22.4907093
Israel,3703422.46305918,3423652.6799354493,0.924456422156972,Life expectancy at birth (years),Israel,SEX_FMLE,82.09316254
Israel,3703422.46305918,3423652.6799354493,0.924456422156972,Life expectancy at birth (years),Israel,SEX_BTSX,81.74464417
Israel,3703422.46305918,3423652.6799354493,0.924456422156972,Life expectancy at birth (years),Israel,SEX_MLE,82.38661957
Italy,20989614.2431329,16622588.257764274,0.7919434852502174,Age-standardized prevalence of obesity among adults (18+ years) (%),Italy,SEX_BTSX,17.29186058
Italy,20989614.2431329,16622588.257764274,0.7919434852502174,Life expectancy at birth (years),Italy,SEX_BTSX,82.19747162
Italy,20989614.2431329,16622588.257764274,0.7919434852502174,Life expectancy at birth (years),Italy,SEX_FMLE,84.32794952
Italy,20989614.2431329,16622588.257764274,0.7919434852502174,Life expectancy at birth (years),Italy,SEX_MLE,79.97563171
Jamaica,895668.3248556835,28723.75377082824,0.0320696322217897,Age-standardized prevalence of obesity among adults (18+ years) (%),Jamaica,SEX_BTSX,33.80701828
Jamaica,895668.3248556835,28723.75377082824,0.0320696322217897,Life expectancy at birth (years),Jamaica,SEX_BTSX,70.14394379
Jamaica,895668.3248556835,28723.75377082824,0.0320696322217897,Life expectancy at birth (years),Jamaica,SEX_MLE,67.6437912
Jamaica,895668.3248556835,28723.75377082824,0.0320696322217897,Life expectancy at birth (years),Jamaica,SEX_FMLE,72.7726059
Japan,83987933.29293102,63557550.02902285,0.7567462079028473,Age-standardized prevalence of obesity among adults (18+ years) (%),Japan,SEX_BTSX,5.539299965
Japan,83987933.29293102,63557550.02902285,0.7567462079028473,Life expectancy at birth (years),Japan,SEX_BTSX,84.46067047
Japan,83987933.29293102,63557550.02902285,0.7567462079028473,Life expectancy at birth (years),Japan,SEX_FMLE,87.15803528
Japan,83987933.29293102,63557550.02902285,0.7567462079028473,Life expectancy at birth (years),Japan,SEX_MLE,81.70918274
Jordan,5420735.595890094,237012.7344913481,0.0437233527256055,Age-standardized prevalence of obesity among adults (18+ years) (%),Jordan,SEX_BTSX,38.50699997
Jordan,5420735.595890094,237012.7344913481,0.0437233527256055,Life expectancy at birth (years),Jordan,SEX_FMLE,76.98049927
Jordan,5420735.595890094,237012.7344913481,0.0437233527256055,Life expectancy at birth (years),Jordan,SEX_BTSX,75.6497345
Jordan,5420735.595890094,237012.7344913481,0.0437233527256055,Life expectancy at birth (years),Jordan,SEX_MLE,74.56877899
Kazakhstan,3396788.135652733,905680.6121620506,0.2666285255344644,Age-standardized prevalence of obesity among adults (18+ years) (%),Kazakhstan,SEX_BTSX,18.37641907
Kazakhstan,3396788.135652733,905680.6121620506,0.2666285255344644,Life expectancy at birth (years),Kazakhstan,SEX_BTSX,70.2751236
Kazakhstan,3396788.135652733,905680.6121620506,0.2666285255344644,Life expectancy at birth (years),Kazakhstan,SEX_FMLE,73.93874359
Kazakhstan,3396788.135652733,905680.6121620506,0.2666285255344644,Life expectancy at birth (years),Kazakhstan,SEX_MLE,66.36555481
Kenya,9060127.804365875,964814.3511503948,0.1064901480402375,Age-standardized prevalence of obesity among adults (18+ years) (%),Kenya,SEX_BTSX,12.41028023
Kenya,9060127.804365875,964814.3511503948,0.1064901480402375,Life expectancy at birth (years),Kenya,SEX_BTSX,66.76222229
Kenya,9060127.804365875,964814.3511503948,0.1064901480402375,Life expectancy at birth (years),Kenya,SEX_FMLE,69.21556854
Kenya,9060127.804365875,964814.3511503948,0.1064901480402375,Life expectancy at birth (years),Kenya,SEX_MLE,64.39587402
Kuwait,2779228.109144207,60160.71014928816,0.0216465535705211,Age-standardized prevalence of obesity among adults (18+ years) (%),Kuwait,SEX_BTSX,41.4169693
Kuwait,2779228.109144207,60160.71014928816,0.0216465535705211,Life expectancy at birth (years),Kuwait,SEX_MLE,77.31715393
Kuwait,2779228.109144207,60160.71014928816,0.0216465535705211,Life expectancy at birth (years),Kuwait,SEX_BTSX,78.95211792
Kuwait,2779228.109144207,60160.71014928816,0.0216465535705211,Life expectancy at birth (years),Kuwait,SEX_FMLE,81.75064087
Kyrgyzstan,1617217.411728865,546382.9900476354,0.3378537641785168,Age-standardized prevalence of obesity among adults (18+ years) (%),Kyrgyzstan,SEX_BTSX,26.59970093
Kyrgyzstan,1617217.411728865,546382.9900476354,0.3378537641785168,Life expectancy at birth (years),Kyrgyzstan,SEX_BTSX,72.18500519
Kyrgyzstan,1617217.411728865,546382.9900476354,0.3378537641785168,Life expectancy at birth (years),Kyrgyzstan,SEX_FMLE,75.75667572
Kyrgyzstan,1617217.411728865,546382.9900476354,0.3378537641785168,Life expectancy at birth (years),Kyrgyzstan,SEX_MLE,68.53290558
Latvia,499943.5433585675,435466.430967808,0.8710312129293457,Age-standardized prevalence of obesity among adults (18+ years) (%),Latvia,SEX_BTSX,24.27249908
Latvia,499943.5433585675,435466.430967808,0.8710312129293457,Life expectancy at birth (years),Latvia,SEX_BTSX,73.20251465
Latvia,499943.5433585675,435466.430967808,0.8710312129293457,Life expectancy at birth (years),Latvia,SEX_MLE,68.49511719
Latvia,499943.5433585675,435466.430967808,0.8710312129293457,Life expectancy at birth (years),Latvia,SEX_FMLE,77.89727783
Lebanon,4103977.8929593633,414558.5535363437,0.1010138369038355,Age-standardized prevalence of obesity among adults (18+ years) (%),Lebanon,SEX_BTSX,29.7815609
Lebanon,4103977.8929593633,414558.5535363437,0.1010138369038355,Life expectancy at birth (years),Lebanon,SEX_BTSX,74.34207153
Lebanon,4103977.8929593633,414558.5535363437,0.1010138369038355,Life expectancy at birth (years),Lebanon,SEX_FMLE,77.49569702
Lebanon,4103977.8929593633,414558.5535363437,0.1010138369038355,Life expectancy at birth (years),Lebanon,SEX_MLE,71.24979401
Lesotho,197187.7552232741,27239.692469596863,0.1381408923629846,Age-standardized prevalence of obesity among adults (18+ years) (%),Lesotho,SEX_BTSX,20.99822998
Lesotho,197187.7552232741,27239.692469596863,0.1381408923629846,Life expectancy at birth (years),Lesotho,SEX_FMLE,54.60295105
Lesotho,197187.7552232741,27239.692469596863,0.1381408923629846,Life expectancy at birth (years),Lesotho,SEX_MLE,48.73088074
Lesotho,197187.7552232741,27239.692469596863,0.1381408923629846,Life expectancy at birth (years),Lesotho,SEX_BTSX,51.47907639
Liberia,1614343.2535381883,-10078.47685718536,-0.0062430817207531,Age-standardized prevalence of obesity among adults (18+ years) (%),Liberia,SEX_BTSX,17.01376915
Liberia,1614343.2535381883,-10078.47685718536,-0.0062430817207531,Life expectancy at birth (years),Liberia,SEX_BTSX,63.45730972
Liberia,1614343.2535381883,-10078.47685718536,-0.0062430817207531,Life expectancy at birth (years),Liberia,SEX_MLE,62.64177322
Liberia,1614343.2535381883,-10078.47685718536,-0.0062430817207531,Life expectancy at birth (years),Liberia,SEX_FMLE,64.26883698
Libya,1911192.7921263524,57485.260631084704,0.0300782112971072,Age-standardized prevalence of obesity among adults (18+ years) (%),Libya,SEX_BTSX,36.7071991
Libya,1911192.7921263524,57485.260631084704,0.0300782112971072,Life expectancy at birth (years),Libya,SEX_FMLE,74.21006775
Libya,1911192.7921263524,57485.260631084704,0.0300782112971072,Life expectancy at birth (years),Libya,SEX_BTSX,72.17843628
Libya,1911192.7921263524,57485.260631084704,0.0300782112971072,Life expectancy at birth (years),Libya,SEX_MLE,70.22740936
Lithuania,527808.1612839997,452483.1869922879,0.8572872118754878,Age-standardized prevalence of obesity among adults (18+ years) (%),Lithuania,SEX_BTSX,25.35531998
Lithuania,527808.1612839997,452483.1869922879,0.8572872118754878,Life expectancy at birth (years),Lithuania,SEX_FMLE,78.64626312
Lithuania,527808.1612839997,452483.1869922879,0.8572872118754878,Life expectancy at birth (years),Lithuania,SEX_MLE,69.58664703
Lithuania,527808.1612839997,452483.1869922879,0.8572872118754878,Life expectancy at birth (years),Lithuania,SEX_BTSX,74.13314819
Luxembourg,129604.4826847316,128991.35420489318,0.9952692340022692,Age-standardized prevalence of obesity among adults (18+ years) (%),Luxembourg,SEX_BTSX,18.43440056
Luxembourg,129604.4826847316,128991.35420489318,0.9952692340022692,Life expectancy at birth (years),Luxembourg,SEX_MLE,80.76781464
Luxembourg,129604.4826847316,128991.35420489318,0.9952692340022692,Life expectancy at birth (years),Luxembourg,SEX_FMLE,84.78574371
Luxembourg,129604.4826847316,128991.35420489318,0.9952692340022692,Life expectancy at birth (years),Luxembourg,SEX_BTSX,82.7802887
Madagascar,2933043.992426543,1026612.6154775566,0.3500160986771383,Age-standardized prevalence of obesity among adults (18+ years) (%),Madagascar,SEX_BTSX,4.262509823
Madagascar,2933043.992426543,1026612.6154775566,0.3500160986771383,Life expectancy at birth (years),Madagascar,SEX_MLE,61.86037064
Madagascar,2933043.992426543,1026612.6154775566,0.3500160986771383,Life expectancy at birth (years),Madagascar,SEX_BTSX,62.93425369
Madagascar,2933043.992426543,1026612.6154775566,0.3500160986771383,Life expectancy at birth (years),Madagascar,SEX_FMLE,64.02700806
Malawi,2372125.7663073824,-7441.128855258154,-0.0031369031781318,Age-standardized prevalence of obesity among adults (18+ years) (%),Malawi,SEX_BTSX,7.735519886
Malawi,2372125.7663073824,-7441.128855258154,-0.0031369031781318,Life expectancy at birth (years),Malawi,SEX_BTSX,62.48652649
Malawi,2372125.7663073824,-7441.128855258154,-0.0031369031781318,Life expectancy at birth (years),Malawi,SEX_MLE,59.72269821
Malawi,2372125.7663073824,-7441.128855258154,-0.0031369031781318,Life expectancy at birth (years),Malawi,SEX_FMLE,65.26952362
Malaysia,13498076.920298802,6286736.223940189,0.4657505110588021,Age-standardized prevalence of obesity among adults (18+ years) (%),Malaysia,SEX_BTSX,22.09536934
Malaysia,13498076.920298802,6286736.223940189,0.4657505110588021,Life expectancy at birth (years),Malaysia,SEX_FMLE,75.31574249
Malaysia,13498076.920298802,6286736.223940189,0.4657505110588021,Life expectancy at birth (years),Malaysia,SEX_MLE,70.63626099
Malaysia,13498076.920298802,6286736.223940189,0.4657505110588021,Life expectancy at birth (years),Malaysia,SEX_BTSX,72.81010437
Maldives,174181.61441361904,174179.08052063,0.9999854525806436,Age-standardized prevalence of obesity among adults (18+ years) (%),Maldives,SEX_BTSX,17.2976799
Maldives,174181.61441361904,174179.08052063,0.9999854525806436,Life expectancy at birth (years),Maldives,SEX_MLE,74.50918579
Maldives,174181.61441361904,174179.08052063,0.9999854525806436,Life expectancy at birth (years),Maldives,SEX_BTSX,75.39664459
Maldives,174181.61441361904,174179.08052063,0.9999854525806436,Life expectancy at birth (years),Maldives,SEX_FMLE,76.59470367
Mali,5148723.268456759,3197307.2062811786,0.620990299841754,Age-standardized prevalence of obesity among adults (18+ years) (%),Mali,SEX_BTSX,11.37263966
Mali,5148723.268456759,3197307.2062811786,0.620990299841754,Life expectancy at birth (years),Mali,SEX_BTSX,61.67398453
Mali,5148723.268456759,3197307.2062811786,0.620990299841754,Life expectancy at birth (years),Mali,SEX_MLE,61.08021927
Mali,5148723.268456759,3197307.2062811786,0.620990299841754,Life expectancy at birth (years),Mali,SEX_FMLE,62.28961563
Malta,276743.3036687375,224920.6459653378,0.8127410599772575,Age-standardized prevalence of obesity among adults (18+ years) (%),Malta,SEX_BTSX,32.28799057
Malta,276743.3036687375,224920.6459653378,0.8127410599772575,Life expectancy at birth (years),Malta,SEX_MLE,79.95901489
Malta,276743.3036687375,224920.6459653378,0.8127410599772575,Life expectancy at birth (years),Malta,SEX_BTSX,81.81193542
Malta,276743.3036687375,224920.6459653378,0.8127410599772575,Life expectancy at birth (years),Malta,SEX_FMLE,83.7301178
Mauritania,1324117.0837578496,383029.14838516695,0.2892713590690399,Age-standardized prevalence of obesity among adults (18+ years) (%),Mauritania,SEX_BTSX,22.68795013
Mauritania,1324117.0837578496,383029.14838516695,0.2892713590690399,Life expectancy at birth (years),Mauritania,SEX_FMLE,69.36220551
Mauritania,1324117.0837578496,383029.14838516695,0.2892713590690399,Life expectancy at birth (years),Mauritania,SEX_MLE,68.37985992
Mauritania,1324117.0837578496,383029.14838516695,0.2892713590690399,Life expectancy at birth (years),Mauritania,SEX_BTSX,68.86843872
Mauritius,500548.0484963673,215145.5273649096,0.4298199303966939,Age-standardized prevalence of obesity among adults (18+ years) (%),Mauritius,SEX_BTSX,19.22863007
Mauritius,500548.0484963673,215145.5273649096,0.4298199303966939,Life expectancy at birth (years),Mauritius,SEX_BTSX,73.41967011
Mauritius,500548.0484963673,215145.5273649096,0.4298199303966939,Life expectancy at birth (years),Mauritius,SEX_MLE,70.13596344
Mauritius,500548.0484963673,215145.5273649096,0.4298199303966939,Life expectancy at birth (years),Mauritius,SEX_FMLE,76.90869904
Mexico,72386813.50369239,11034351.129246283,0.1524359285228577,Age-standardized prevalence of obesity among adults (18+ years) (%),Mexico,SEX_BTSX,36.02991104
Mexico,72386813.50369239,11034351.129246283,0.1524359285228577,Life expectancy at birth (years),Mexico,SEX_BTSX,70.8325882
Mexico,72386813.50369239,11034351.129246283,0.1524359285228577,Life expectancy at birth (years),Mexico,SEX_MLE,67.20090485
Mexico,72386813.50369239,11034351.129246283,0.1524359285228577,Life expectancy at birth (years),Mexico,SEX_FMLE,74.68952179
Mongolia,836605.929500338,155541.5707740781,0.1859197565895512,Age-standardized prevalence of obesity among adults (18+ years) (%),Mongolia,SEX_BTSX,24.10873985
Mongolia,836605.929500338,155541.5707740781,0.1859197565895512,Life expectancy at birth (years),Mongolia,SEX_BTSX,70.0979538
Mongolia,836605.929500338,155541.5707740781,0.1859197565895512,Life expectancy at birth (years),Mongolia,SEX_MLE,66.41682434
Mongolia,836605.929500338,155541.5707740781,0.1859197565895512,Life expectancy at birth (years),Mongolia,SEX_FMLE,73.858284
Montenegro,34563.45836544039,30540.68341827388,0.883611908720661,Age-standardized prevalence of obesity among adults (18+ years) (%),Montenegro,SEX_BTSX,17.99588013
Montenegro,34563.45836544039,30540.68341827388,0.883611908720661,Life expectancy at birth (years),Montenegro,SEX_FMLE,77.87943268
Montenegro,34563.45836544039,30540.68341827388,0.883611908720661,Life expectancy at birth (years),Montenegro,SEX_MLE,71.62459564
Montenegro,34563.45836544039,30540.68341827388,0.883611908720661,Life expectancy at birth (years),Montenegro,SEX_BTSX,74.70975494
Morocco,16815115.710948925,7297348.937453401,0.4339755409891015,Age-standardized prevalence of obesity among adults (18+ years) (%),Morocco,SEX_BTSX,21.78434944
Morocco,16815115.710948925,7297348.937453401,0.4339755409891015,Life expectancy at birth (years),Morocco,SEX_FMLE,73.71494293
Morocco,16815115.710948925,7297348.937453401,0.4339755409891015,Life expectancy at birth (years),Morocco,SEX_BTSX,72.61868286
Morocco,16815115.710948925,7297348.937453401,0.4339755409891015,Life expectancy at birth (years),Morocco,SEX_MLE,71.53595734
Mozambique,4847618.992821979,886425.2465567421,0.1828578623586753,Age-standardized prevalence of obesity among adults (18+ years) (%),Mozambique,SEX_BTSX,10.26296043
Mozambique,4847618.992821979,886425.2465567421,0.1828578623586753,Life expectancy at birth (years),Mozambique,SEX_MLE,54.8007164
Mozambique,4847618.992821979,886425.2465567421,0.1828578623586753,Life expectancy at birth (years),Mozambique,SEX_FMLE,60.54787064
Mozambique,4847618.992821979,886425.2465567421,0.1828578623586753,Life expectancy at birth (years),Mozambique,SEX_BTSX,57.66202545
Myanmar,11386890.94404436,2945127.162186617,0.2586419046831211,Age-standardized prevalence of obesity among adults (18+ years) (%),Myanmar,SEX_BTSX,7.426340103
Myanmar,11386890.94404436,2945127.162186617,0.2586419046831211,Life expectancy at birth (years),Myanmar,SEX_MLE,64.71030426
Myanmar,11386890.94404436,2945127.162186617,0.2586419046831211,Life expectancy at birth (years),Myanmar,SEX_BTSX,67.84580994
Myanmar,11386890.94404436,2945127.162186617,0.2586419046831211,Life expectancy at birth (years),Myanmar,SEX_FMLE,71.14627838
Namibia,482639.0516930647,369957.1680239098,0.766529701080187,Age-standardized prevalence of obesity among adults (18+ years) (%),Namibia,SEX_BTSX,16.96520042
Namibia,482639.0516930647,369957.1680239098,0.766529701080187,Life expectancy at birth (years),Namibia,SEX_BTSX,60.3599472
Namibia,482639.0516930647,369957.1680239098,0.766529701080187,Life expectancy at birth (years),Namibia,SEX_FMLE,63.44307327
Namibia,482639.0516930647,369957.1680239098,0.766529701080187,Life expectancy at birth (years),Namibia,SEX_MLE,57.26867294
Nepal,8124522.462822015,960123.1532871705,0.1181759491318676,Age-standardized prevalence of obesity among adults (18+ years) (%),Nepal,SEX_BTSX,6.989490032
Nepal,8124522.462822015,960123.1532871705,0.1181759491318676,Life expectancy at birth (years),Nepal,SEX_FMLE,71.79351807
Nepal,8124522.462822015,960123.1532871705,0.1181759491318676,Life expectancy at birth (years),Nepal,SEX_MLE,68.26541138
Nepal,8124522.462822015,960123.1532871705,0.1181759491318676,Life expectancy at birth (years),Nepal,SEX_BTSX,70.04936981
New Zealand,2118950.2471593567,1630218.3975776443,0.769351899490372,Age-standardized prevalence of obesity among adults (18+ years) (%),New Zealand,SEX_BTSX,33.62131119
New Zealand,2118950.2471593567,1630218.3975776443,0.769351899490372,Life expectancy at birth (years),New Zealand,SEX_FMLE,84.014534
New Zealand,2118950.2471593567,1630218.3975776443,0.769351899490372,Life expectancy at birth (years),New Zealand,SEX_MLE,80.36105347
New Zealand,2118950.2471593567,1630218.3975776443,0.769351899490372,Life expectancy at birth (years),New Zealand,SEX_BTSX,82.20149231
Nicaragua,1246001.8460852532,775849.4286527669,0.6226711710663727,Age-standardized prevalence of obesity among adults (18+ years) (%),Nicaragua,SEX_BTSX,33.62728882
Nicaragua,1246001.8460852532,775849.4286527669,0.6226711710663727,Life expectancy at birth (years),Nicaragua,SEX_BTSX,75.02796173
Nicaragua,1246001.8460852532,775849.4286527669,0.6226711710663727,Life expectancy at birth (years),Nicaragua,SEX_MLE,72.26276398
Nicaragua,1246001.8460852532,775849.4286527669,0.6226711710663727,Life expectancy at birth (years),Nicaragua,SEX_FMLE,77.67507172
Niger,1194457.885289016,-231296.33745312685,-0.1936412663031325,Age-standardized prevalence of obesity among adults (18+ years) (%),Niger,SEX_BTSX,5.974679947
Niger,1194457.885289016,-231296.33745312685,-0.1936412663031325,Life expectancy at birth (years),Niger,SEX_FMLE,60.93901062
Niger,1194457.885289016,-231296.33745312685,-0.1936412663031325,Life expectancy at birth (years),Niger,SEX_BTSX,59.97070694
Niger,1194457.885289016,-231296.33745312685,-0.1936412663031325,Life expectancy at birth (years),Niger,SEX_MLE,59.0294838
Nigeria,54472446.82960009,-3150924.375517372,-0.0578443701156668,Age-standardized prevalence of obesity among adults (18+ years) (%),Nigeria,SEX_BTSX,12.35620975
Nigeria,54472446.82960009,-3150924.375517372,-0.0578443701156668,Life expectancy at birth (years),Nigeria,SEX_BTSX,63.39749908
Nigeria,54472446.82960009,-3150924.375517372,-0.0578443701156668,Life expectancy at birth (years),Nigeria,SEX_FMLE,64.77942657
Nigeria,54472446.82960009,-3150924.375517372,-0.0578443701156668,Life expectancy at birth (years),Nigeria,SEX_MLE,62.06702423
Norway,1036915.3419058945,876329.1873547968,0.8451308915384226,Age-standardized prevalence of obesity among adults (18+ years) (%),Norway,SEX_BTSX,19.14644051
Norway,1036915.3419058945,876329.1873547968,0.8451308915384226,Life expectancy at birth (years),Norway,SEX_FMLE,84.25270081
Norway,1036915.3419058945,876329.1873547968,0.8451308915384226,Life expectancy at birth (years),Norway,SEX_BTSX,82.88199615
Norway,1036915.3419058945,876329.1873547968,0.8451308915384226,Life expectancy at birth (years),Norway,SEX_MLE,81.50302124
Oman,583559.9378261564,-85537.56264686584,-0.1465788809381011,Age-standardized prevalence of obesity among adults (18+ years) (%),Oman,SEX_BTSX,31.09542084
Oman,583559.9378261564,-85537.56264686584,-0.1465788809381011,Life expectancy at birth (years),Oman,SEX_FMLE,74.86314392
Oman,583559.9378261564,-85537.56264686584,-0.1465788809381011,Life expectancy at birth (years),Oman,SEX_MLE,70.89524841
Oman,583559.9378261564,-85537.56264686584,-0.1465788809381011,Life expectancy at birth (years),Oman,SEX_BTSX,72.47676849
Pakistan,61259121.40244784,2656449.9315891173,0.0433641533011436,Age-standardized prevalence of obesity among adults (18+ years) (%),Pakistan,SEX_BTSX,23.00650024
Pakistan,61259121.40244784,2656449.9315891173,0.0433641533011436,Life expectancy at birth (years),Pakistan,SEX_FMLE,66.93027496
Pakistan,61259121.40244784,2656449.9315891173,0.0433641533011436,Life expectancy at birth (years),Pakistan,SEX_MLE,65.07673645
Pakistan,61259121.40244784,2656449.9315891173,0.0433641533011436,Life expectancy at birth (years),Pakistan,SEX_BTSX,65.99092102
Panama,1858278.005397709,663320.0662477005,0.35695416096029,Age-standardized prevalence of obesity among adults (18+ years) (%),Panama,SEX_BTSX,36.07101822
Panama,1858278.005397709,663320.0662477005,0.35695416096029,Life expectancy at birth (years),Panama,SEX_FMLE,80.29103851
Panama,1858278.005397709,663320.0662477005,0.35695416096029,Life expectancy at birth (years),Panama,SEX_BTSX,77.23870087
Panama,1858278.005397709,663320.0662477005,0.35695416096029,Life expectancy at birth (years),Panama,SEX_MLE,74.35268402
Papua New Guinea,139469.61555611345,-367702.038707614,-2.636431148400741,Age-standardized prevalence of obesity among adults (18+ years) (%),Papua New Guinea,SEX_BTSX,20.51736069
Papua New Guinea,139469.61555611345,-367702.038707614,-2.636431148400741,Life expectancy at birth (years),Papua New Guinea,SEX_BTSX,65.48786163
Papua New Guinea,139469.61555611345,-367702.038707614,-2.636431148400741,Life expectancy at birth (years),Papua New Guinea,SEX_MLE,64.20317078
Papua New Guinea,139469.61555611345,-367702.038707614,-2.636431148400741,Life expectancy at birth (years),Papua New Guinea,SEX_FMLE,66.94528961
Paraguay,2478804.1039156727,504977.88133907446,0.203718349724119,Age-standardized prevalence of obesity among adults (18+ years) (%),Paraguay,SEX_BTSX,32.95919037
Paraguay,2478804.1039156727,504977.88133907446,0.203718349724119,Life expectancy at birth (years),Paraguay,SEX_MLE,67.62709808
Paraguay,2478804.1039156727,504977.88133907446,0.203718349724119,Life expectancy at birth (years),Paraguay,SEX_BTSX,70.27081299
Paraguay,2478804.1039156727,504977.88133907446,0.203718349724119,Life expectancy at birth (years),Paraguay,SEX_FMLE,73.16442871
Peru,15248233.110912848,4132969.012752277,0.2710457652824311,Age-standardized prevalence of obesity among adults (18+ years) (%),Peru,SEX_BTSX,27.28842926
Peru,15248233.110912848,4132969.012752277,0.2710457652824311,Life expectancy at birth (years),Peru,SEX_FMLE,74.80744934
Peru,15248233.110912848,4132969.012752277,0.2710457652824311,Life expectancy at birth (years),Peru,SEX_MLE,68.81771088
Peru,15248233.110912848,4132969.012752277,0.2710457652824311,Life expectancy at birth (years),Peru,SEX_BTSX,71.66726685
Philippines,41090032.80735828,12190876.724227205,0.2966869552375752,Age-standardized prevalence of obesity among adults (18+ years) (%),Philippines,SEX_BTSX,8.741729736
Philippines,41090032.80735828,12190876.724227205,0.2966869552375752,Life expectancy at birth (years),Philippines,SEX_MLE,63.39790344
Philippines,41090032.80735828,12190876.724227205,0.2966869552375752,Life expectancy at birth (years),Philippines,SEX_FMLE,69.88256073
Philippines,41090032.80735828,12190876.724227205,0.2966869552375752,Life expectancy at birth (years),Philippines,SEX_BTSX,66.40834045
Poland,9768913.014196124,8914106.86038372,0.9124973113620516,Age-standardized prevalence of obesity among adults (18+ years) (%),Poland,SEX_BTSX,27.49970055
Poland,9768913.014196124,8914106.86038372,0.9124973113620516,Life expectancy at birth (years),Poland,SEX_FMLE,79.39878845
Poland,9768913.014196124,8914106.86038372,0.9124973113620516,Life expectancy at birth (years),Poland,SEX_BTSX,75.40210724
Poland,9768913.014196124,8914106.86038372,0.9124973113620516,Life expectancy at birth (years),Poland,SEX_MLE,71.55303955
Portugal,3601293.570346906,3051135.212046047,0.847233126776759,Age-standardized prevalence of obesity among adults (18+ years) (%),Portugal,SEX_BTSX,21.79110909
Portugal,3601293.570346906,3051135.212046047,0.847233126776759,Life expectancy at birth (years),Portugal,SEX_MLE,78.27281189
Portugal,3601293.570346906,3051135.212046047,0.847233126776759,Life expectancy at birth (years),Portugal,SEX_FMLE,83.88307953
Portugal,3601293.570346906,3051135.212046047,0.847233126776759,Life expectancy at birth (years),Portugal,SEX_BTSX,81.17961121
Puerto Rico,905119.8556586676,237193.83427584908,0.262057928342805,Age-standardized prevalence of obesity among adults (18+ years) (%),Puerto Rico,SEX_BTSX,41.13383102
Puerto Rico,905119.8556586676,237193.83427584908,0.262057928342805,Life expectancy at birth (years),Puerto Rico,SEX_BTSX,79.90294647
Puerto Rico,905119.8556586676,237193.83427584908,0.262057928342805,Life expectancy at birth (years),Puerto Rico,SEX_FMLE,83.51311493
Puerto Rico,905119.8556586676,237193.83427584908,0.262057928342805,Life expectancy at birth (years),Puerto Rico,SEX_MLE,76.19514465
Qatar,2059240.5892016748,223462.9381545024,0.1085171588624981,Age-standardized prevalence of obesity among adults (18+ years) (%),Qatar,SEX_BTSX,43.14167023
Qatar,2059240.5892016748,223462.9381545024,0.1085171588624981,Life expectancy at birth (years),Qatar,SEX_BTSX,76.71013641
Qatar,2059240.5892016748,223462.9381545024,0.1085171588624981,Life expectancy at birth (years),Qatar,SEX_FMLE,77.97981262
Qatar,2059240.5892016748,223462.9381545024,0.1085171588624981,Life expectancy at birth (years),Qatar,SEX_MLE,76.03086853
Romania,4740023.836752251,2648676.579441611,0.5587897172383041,Age-standardized prevalence of obesity among adults (18+ years) (%),Romania,SEX_BTSX,34.039711
Romania,4740023.836752251,2648676.579441611,0.5587897172383041,Life expectancy at birth (years),Romania,SEX_FMLE,76.52390289
Romania,4740023.836752251,2648676.579441611,0.5587897172383041,Life expectancy at birth (years),Romania,SEX_BTSX,72.76431274
Romania,4740023.836752251,2648676.579441611,0.5587897172383041,Life expectancy at birth (years),Romania,SEX_MLE,69.20896149
Rwanda,1391298.2411427551,600017.4998035417,0.4312644708806014,Age-standardized prevalence of obesity among adults (18+ years) (%),Rwanda,SEX_BTSX,4.923480034
Rwanda,1391298.2411427551,600017.4998035417,0.4312644708806014,Life expectancy at birth (years),Rwanda,SEX_MLE,65.44898987
Rwanda,1391298.2411427551,600017.4998035417,0.4312644708806014,Life expectancy at birth (years),Rwanda,SEX_FMLE,69.40378571
Rwanda,1391298.2411427551,600017.4998035417,0.4312644708806014,Life expectancy at birth (years),Rwanda,SEX_BTSX,67.54213715
Saudi Arabia,5848904.757385673,23433.221081973345,0.0040064289048959,Age-standardized prevalence of obesity among adults (18+ years) (%),Saudi Arabia,SEX_BTSX,40.59907913
Saudi Arabia,5848904.757385673,23433.221081973345,0.0040064289048959,Life expectancy at birth (years),Saudi Arabia,SEX_BTSX,76.42921448
Saudi Arabia,5848904.757385673,23433.221081973345,0.0040064289048959,Life expectancy at birth (years),Saudi Arabia,SEX_FMLE,77.36849976
Saudi Arabia,5848904.757385673,23433.221081973345,0.0040064289048959,Life expectancy at birth (years),Saudi Arabia,SEX_MLE,75.73210144
Senegal,4475086.666272026,1965217.217024211,0.4391461805277923,Age-standardized prevalence of obesity among adults (18+ years) (%),Senegal,SEX_BTSX,10.20713997
Senegal,4475086.666272026,1965217.217024211,0.4391461805277923,Life expectancy at birth (years),Senegal,SEX_BTSX,67.79198456
Senegal,4475086.666272026,1965217.217024211,0.4391461805277923,Life expectancy at birth (years),Senegal,SEX_MLE,65.94354248
Senegal,4475086.666272026,1965217.217024211,0.4391461805277923,Life expectancy at birth (years),Senegal,SEX_FMLE,69.47214508
Serbia,2861950.366812868,2391256.2168418416,0.8355337830350978,Age-standardized prevalence of obesity among adults (18+ years) (%),Serbia,SEX_BTSX,22.50791931
Serbia,2861950.366812868,2391256.2168418416,0.8355337830350978,Life expectancy at birth (years),Serbia,SEX_BTSX,72.80891418
Serbia,2861950.366812868,2391256.2168418416,0.8355337830350978,Life expectancy at birth (years),Serbia,SEX_MLE,69.98960876
Serbia,2861950.366812868,2391256.2168418416,0.8355337830350978,Life expectancy at birth (years),Serbia,SEX_FMLE,75.62155151
Sierra Leone,2285864.913644381,110588.1064376831,0.0483791083968173,Age-standardized prevalence of obesity among adults (18+ years) (%),Sierra Leone,SEX_BTSX,7.130010128
Sierra Leone,2285864.913644381,110588.1064376831,0.0483791083968173,Life expectancy at birth (years),Sierra Leone,SEX_FMLE,61.8902626
Sierra Leone,2285864.913644381,110588.1064376831,0.0483791083968173,Life expectancy at birth (years),Sierra Leone,SEX_MLE,60.1534729
Sierra Leone,2285864.913644381,110588.1064376831,0.0483791083968173,Life expectancy at birth (years),Sierra Leone,SEX_BTSX,61.0228653
Singapore,5821745.378072472,5603740.384585073,0.9625533273391668,Age-standardized prevalence of obesity among adults (18+ years) (%),Singapore,SEX_BTSX,13.87662983
Singapore,5821745.378072472,5603740.384585073,0.9625533273391668,Life expectancy at birth (years),Singapore,SEX_FMLE,86.25122833
Singapore,5821745.378072472,5603740.384585073,0.9625533273391668,Life expectancy at birth (years),Singapore,SEX_MLE,81.57605743
Singapore,5821745.378072472,5603740.384585073,0.9625533273391668,Life expectancy at birth (years),Singapore,SEX_BTSX,83.85708618
Slovakia,724117.655343816,658528.1068024497,0.9094214205974248,Age-standardized prevalence of obesity among adults (18+ years) (%),Slovakia,SEX_BTSX,26.82424927
Slovakia,724117.655343816,658528.1068024497,0.9094214205974248,Life expectancy at birth (years),Slovakia,SEX_FMLE,78.01091766
Slovakia,724117.655343816,658528.1068024497,0.9094214205974248,Life expectancy at birth (years),Slovakia,SEX_BTSX,74.50941467
Slovakia,724117.655343816,658528.1068024497,0.9094214205974248,Life expectancy at birth (years),Slovakia,SEX_MLE,71.12509155
Slovenia,302806.1018212441,279956.041731,0.924538970804052,Age-standardized prevalence of obesity among adults (18+ years) (%),Slovenia,SEX_BTSX,19.44181061
Slovenia,302806.1018212441,279956.041731,0.924538970804052,Life expectancy at birth (years),Slovenia,SEX_MLE,77.53865814
Slovenia,302806.1018212441,279956.041731,0.924538970804052,Life expectancy at birth (years),Slovenia,SEX_BTSX,80.41495514
Slovenia,302806.1018212441,279956.041731,0.924538970804052,Life expectancy at birth (years),Slovenia,SEX_FMLE,83.39120483
Solomon Islands,85529.75483813857,3641.3874988555926,0.0425745111247748,Age-standardized prevalence of obesity among adults (18+ years) (%),Solomon Islands,SEX_BTSX,22.60238075
Solomon Islands,85529.75483813857,3641.3874988555926,0.0425745111247748,Life expectancy at birth (years),Solomon Islands,SEX_FMLE,67.33435822
Solomon Islands,85529.75483813857,3641.3874988555926,0.0425745111247748,Life expectancy at birth (years),Solomon Islands,SEX_BTSX,64.79245758
Solomon Islands,85529.75483813857,3641.3874988555926,0.0425745111247748,Life expectancy at birth (years),Solomon Islands,SEX_MLE,62.55214691
Somalia,964525.6429432794,-290785.0188884735,-0.301479821729917,Age-standardized prevalence of obesity among adults (18+ years) (%),Somalia,SEX_BTSX,14.61382961
Somalia,964525.6429432794,-290785.0188884735,-0.301479821729917,Life expectancy at birth (years),Somalia,SEX_MLE,51.74982452
Somalia,964525.6429432794,-290785.0188884735,-0.301479821729917,Life expectancy at birth (years),Somalia,SEX_BTSX,53.9514389
Somalia,964525.6429432794,-290785.0188884735,-0.301479821729917,Life expectancy at birth (years),Somalia,SEX_FMLE,56.33251953
South Africa,28289240.94136118,4959341.373409875,0.1753083931693237,Age-standardized prevalence of obesity among adults (18+ years) (%),South Africa,SEX_BTSX,30.81970978
South Africa,28289240.94136118,4959341.373409875,0.1753083931693237,Life expectancy at birth (years),South Africa,SEX_MLE,58.90287018
South Africa,28289240.94136118,4959341.373409875,0.1753083931693237,Life expectancy at birth (years),South Africa,SEX_FMLE,64.015625
South Africa,28289240.94136118,4959341.373409875,0.1753083931693237,Life expectancy at birth (years),South Africa,SEX_BTSX,61.49918747
South Sudan,22381.56489980034,-529808.30238235,-23.67163800897033,Age-standardized prevalence of obesity among adults (18+ years) (%),South Sudan,SEX_BTSX,8.603830338
South Sudan,22381.56489980034,-529808.30238235,-23.67163800897033,Life expectancy at birth (years),South Sudan,SEX_FMLE,60.61474228
South Sudan,22381.56489980034,-529808.30238235,-23.67163800897033,Life expectancy at birth (years),South Sudan,SEX_MLE,56.47971344
South Sudan,22381.56489980034,-529808.30238235,-23.67163800897033,Life expectancy at birth (years),South Sudan,SEX_BTSX,58.57353973
Spain,22418061.26870069,20307749.666241672,0.9058655618269114,Age-standardized prevalence of obesity among adults (18+ years) (%),Spain,SEX_BTSX,15.66913033
Spain,22418061.26870069,20307749.666241672,0.9058655618269114,Life expectancy at birth (years),Spain,SEX_BTSX,82.66267395
Spain,22418061.26870069,20307749.666241672,0.9058655618269114,Life expectancy at birth (years),Spain,SEX_FMLE,85.29773712
Spain,22418061.26870069,20307749.666241672,0.9058655618269114,Life expectancy at birth (years),Spain,SEX_MLE,79.98629761
Sri Lanka,6697138.824632427,1011882.6942116,0.1510917901970081,Age-standardized prevalence of obesity among adults (18+ years) (%),Sri Lanka,SEX_BTSX,10.56363964
Sri Lanka,6697138.824632427,1011882.6942116,0.1510917901970081,Life expectancy at birth (years),Sri Lanka,SEX_BTSX,77.22895813
Sri Lanka,6697138.824632427,1011882.6942116,0.1510917901970081,Life expectancy at birth (years),Sri Lanka,SEX_FMLE,80.05458832
Sri Lanka,6697138.824632427,1011882.6942116,0.1510917901970081,Life expectancy at birth (years),Sri Lanka,SEX_MLE,74.15829468
Sudan,4196384.395476309,-627415.3546902521,-0.149513318028397,Age-standardized prevalence of obesity among adults (18+ years) (%),Sudan,SEX_BTSX,17.00499916
Sudan,4196384.395476309,-627415.3546902521,-0.149513318028397,Life expectancy at birth (years),Sudan,SEX_FMLE,68.89340973
Sudan,4196384.395476309,-627415.3546902521,-0.149513318028397,Life expectancy at birth (years),Sudan,SEX_MLE,66.24964905
Sudan,4196384.395476309,-627415.3546902521,-0.149513318028397,Life expectancy at birth (years),Sudan,SEX_BTSX,67.58515167
Suriname,177854.28641286475,8014.661335468291,0.0450630766180317,Age-standardized prevalence of obesity among adults (18+ years) (%),Suriname,SEX_BTSX,29.01502991
Suriname,177854.28641286475,8014.661335468291,0.0450630766180317,Life expectancy at birth (years),Suriname,SEX_FMLE,72.70139313
Suriname,177854.28641286475,8014.661335468291,0.0450630766180317,Life expectancy at birth (years),Suriname,SEX_MLE,66.95529938
Suriname,177854.28641286475,8014.661335468291,0.0450630766180317,Life expectancy at birth (years),Suriname,SEX_BTSX,69.78412628
Sweden,3002664.824854507,2609948.354258008,0.8692106866721203,Age-standardized prevalence of obesity among adults (18+ years) (%),Sweden,SEX_BTSX,15.26700974
Sweden,3002664.824854507,2609948.354258008,0.8692106866721203,Life expectancy at birth (years),Sweden,SEX_MLE,81.02213287
Sweden,3002664.824854507,2609948.354258008,0.8692106866721203,Life expectancy at birth (years),Sweden,SEX_BTSX,82.66490936
Sweden,3002664.824854507,2609948.354258008,0.8692106866721203,Life expectancy at birth (years),Sweden,SEX_FMLE,84.31275177
Switzerland,2740829.553840992,2682342.8743840964,0.9786609570905525,Age-standardized prevalence of obesity among adults (18+ years) (%),Switzerland,SEX_BTSX,12.11141014
Switzerland,2740829.553840992,2682342.8743840964,0.9786609570905525,Life expectancy at birth (years),Switzerland,SEX_MLE,81.48440552
Switzerland,2740829.553840992,2682342.8743840964,0.9786609570905525,Life expectancy at birth (years),Switzerland,SEX_BTSX,83.32795715
Switzerland,2740829.553840992,2682342.8743840964,0.9786609570905525,Life expectancy at birth (years),Switzerland,SEX_FMLE,85.1147995
Tajikistan,1807811.742002856,296991.04299116146,0.164282063276195,Age-standardized prevalence of obesity among adults (18+ years) (%),Tajikistan,SEX_BTSX,23.79314995
Tajikistan,1807811.742002856,296991.04299116146,0.164282063276195,Life expectancy at birth (years),Tajikistan,SEX_BTSX,71.81488037
Tajikistan,1807811.742002856,296991.04299116146,0.164282063276195,Life expectancy at birth (years),Tajikistan,SEX_FMLE,73.49938965
Tajikistan,1807811.742002856,296991.04299116146,0.164282063276195,Life expectancy at birth (years),Tajikistan,SEX_MLE,70.1727829
Thailand,21406683.593940027,7033382.344564189,0.3285601113175351,Age-standardized prevalence of obesity among adults (18+ years) (%),Thailand,SEX_BTSX,15.38461018
Thailand,21406683.593940027,7033382.344564189,0.3285601113175351,Life expectancy at birth (years),Thailand,SEX_BTSX,75.29014587
Thailand,21406683.593940027,7033382.344564189,0.3285601113175351,Life expectancy at birth (years),Thailand,SEX_MLE,71.76036835
Thailand,21406683.593940027,7033382.344564189,0.3285601113175351,Life expectancy at birth (years),Thailand,SEX_FMLE,78.96816254
Timor-Leste,297858.8683646916,7016.225032806396,0.0235555351140859,Age-standardized prevalence of obesity among adults (18+ years) (%),Timor-Leste,SEX_BTSX,2.350349903
Timor-Leste,297858.8683646916,7016.225032806396,0.0235555351140859,Life expectancy at birth (years),Timor-Leste,SEX_MLE,66.52957916
Timor-Leste,297858.8683646916,7016.225032806396,0.0235555351140859,Life expectancy at birth (years),Timor-Leste,SEX_BTSX,67.99671173
Timor-Leste,297858.8683646916,7016.225032806396,0.0235555351140859,Life expectancy at birth (years),Timor-Leste,SEX_FMLE,69.56258392
Togo,2562142.1570966733,788632.9593687003,0.307802187003687,Age-standardized prevalence of obesity among adults (18+ years) (%),Togo,SEX_BTSX,11.56099033
Togo,2562142.1570966733,788632.9593687003,0.307802187003687,Life expectancy at birth (years),Togo,SEX_MLE,61.53856659
Togo,2562142.1570966733,788632.9593687003,0.307802187003687,Life expectancy at birth (years),Togo,SEX_FMLE,66.41722107
Togo,2562142.1570966733,788632.9593687003,0.307802187003687,Life expectancy at birth (years),Togo,SEX_BTSX,63.86461258
Trinidad and Tobago,379635.08841729176,-17772.27190113068,-0.0468140918565344,Age-standardized prevalence of obesity among adults (18+ years) (%),Trinidad and Tobago,SEX_BTSX,28.05278015
Trinidad and Tobago,379635.08841729176,-17772.27190113068,-0.0468140918565344,Life expectancy at birth (years),Trinidad and Tobago,SEX_BTSX,71.7071228
Trinidad and Tobago,379635.08841729176,-17772.27190113068,-0.0468140918565344,Life expectancy at birth (years),Trinidad and Tobago,SEX_MLE,68.41078949
Trinidad and Tobago,379635.08841729176,-17772.27190113068,-0.0468140918565344,Life expectancy at birth (years),Trinidad and Tobago,SEX_FMLE,75.15306091
Tunisia,4430573.374448542,1632965.565160753,0.3685675480691035,Age-standardized prevalence of obesity among adults (18+ years) (%),Tunisia,SEX_BTSX,26.83222961
Tunisia,4430573.374448542,1632965.565160753,0.3685675480691035,Life expectancy at birth (years),Tunisia,SEX_BTSX,74.06842804
Tunisia,4430573.374448542,1632965.565160753,0.3685675480691035,Life expectancy at birth (years),Tunisia,SEX_FMLE,76.84116364
Tunisia,4430573.374448542,1632965.565160753,0.3685675480691035,Life expectancy at birth (years),Tunisia,SEX_MLE,71.51194
Turkmenistan,883416.3330135053,423375.4043232199,0.479247879512261,Age-standardized prevalence of obesity among adults (18+ years) (%),Turkmenistan,SEX_BTSX,21.4022007
Turkmenistan,883416.3330135053,423375.4043232199,0.479247879512261,Life expectancy at birth (years),Turkmenistan,SEX_MLE,65.70659637
Turkmenistan,883416.3330135053,423375.4043232199,0.479247879512261,Life expectancy at birth (years),Turkmenistan,SEX_FMLE,72.49741364
Turkmenistan,883416.3330135053,423375.4043232199,0.479247879512261,Life expectancy at birth (years),Turkmenistan,SEX_BTSX,69.12049103
Uganda,5580728.775462463,62797.78632259365,0.0112526139235981,Age-standardized prevalence of obesity among adults (18+ years) (%),Uganda,SEX_BTSX,7.904560089
Uganda,5580728.775462463,62797.78632259365,0.0112526139235981,Life expectancy at birth (years),Uganda,SEX_MLE,62.92684174
Uganda,5580728.775462463,62797.78632259365,0.0112526139235981,Life expectancy at birth (years),Uganda,SEX_FMLE,68.98082733
Uganda,5580728.775462463,62797.78632259365,0.0112526139235981,Life expectancy at birth (years),Uganda,SEX_BTSX,65.98577881
Ukraine,16684380.057393832,12013350.620615268,0.7200357807296199,Age-standardized prevalence of obesity among adults (18+ years) (%),Ukraine,SEX_BTSX,23.63479042
Ukraine,16684380.057393832,12013350.620615268,0.7200357807296199,Life expectancy at birth (years),Ukraine,SEX_BTSX,70.90674591
Ukraine,16684380.057393832,12013350.620615268,0.7200357807296199,Life expectancy at birth (years),Ukraine,SEX_FMLE,75.33701324
Ukraine,16684380.057393832,12013350.620615268,0.7200357807296199,Life expectancy at birth (years),Ukraine,SEX_MLE,66.33380127
United Arab Emirates,2414397.8303627884,585846.6753315942,0.2426471180367009,Age-standardized prevalence of obesity among adults (18+ years) (%),United Arab Emirates,SEX_BTSX,32.07921982
United Arab Emirates,2414397.8303627884,585846.6753315942,0.2426471180367009,Life expectancy at birth (years),United Arab Emirates,SEX_FMLE,80.01707459
United Arab Emirates,2414397.8303627884,585846.6753315942,0.2426471180367009,Life expectancy at birth (years),United Arab Emirates,SEX_BTSX,78.30645752
United Arab Emirates,2414397.8303627884,585846.6753315942,0.2426471180367009,Life expectancy at birth (years),United Arab Emirates,SEX_MLE,77.17597961
United Kingdom,39772780.86231712,34848691.00531267,0.876194478981735,Age-standardized prevalence of obesity among adults (18+ years) (%),United Kingdom,SEX_BTSX,26.82024956
United Kingdom,39772780.86231712,34848691.00531267,0.876194478981735,Life expectancy at birth (years),United Kingdom,SEX_MLE,78.27424622
United Kingdom,39772780.86231712,34848691.00531267,0.876194478981735,Life expectancy at birth (years),United Kingdom,SEX_BTSX,80.10062408
United Kingdom,39772780.86231712,34848691.00531267,0.876194478981735,Life expectancy at birth (years),United Kingdom,SEX_FMLE,81.93070984
Uruguay,1711448.8821322434,1466160.1902885295,0.8566777574226372,Age-standardized prevalence of obesity among adults (18+ years) (%),Uruguay,SEX_BTSX,33.34378815
Uruguay,1711448.8821322434,1466160.1902885295,0.8566777574226372,Life expectancy at birth (years),Uruguay,SEX_BTSX,74.98295593
Uruguay,1711448.8821322434,1466160.1902885295,0.8566777574226372,Life expectancy at birth (years),Uruguay,SEX_FMLE,78.74074554
Uruguay,1711448.8821322434,1466160.1902885295,0.8566777574226372,Life expectancy at birth (years),Uruguay,SEX_MLE,71.24718475
Uzbekistan,5981145.716167733,254319.03778386087,0.0425201207013577,Age-standardized prevalence of obesity among adults (18+ years) (%),Uzbekistan,SEX_BTSX,30.02845001
Uzbekistan,5981145.716167733,254319.03778386087,0.0425201207013577,Life expectancy at birth (years),Uzbekistan,SEX_BTSX,72.18877411
Uzbekistan,5981145.716167733,254319.03778386087,0.0425201207013577,Life expectancy at birth (years),Uzbekistan,SEX_FMLE,74.1125412
Uzbekistan,5981145.716167733,254319.03778386087,0.0425201207013577,Life expectancy at birth (years),Uzbekistan,SEX_MLE,70.1640625
Yemen,5047756.470084145,-798543.0409374237,-0.1581976162419959,Age-standardized prevalence of obesity among adults (18+ years) (%),Yemen,SEX_BTSX,13.6537199
Yemen,5047756.470084145,-798543.0409374237,-0.1581976162419959,Life expectancy at birth (years),Yemen,SEX_BTSX,65.7620697
Yemen,5047756.470084145,-798543.0409374237,-0.1581976162419959,Life expectancy at birth (years),Yemen,SEX_MLE,63.08852768
Yemen,5047756.470084145,-798543.0409374237,-0.1581976162419959,Life expectancy at birth (years),Yemen,SEX_FMLE,68.56819153
Zambia,4190226.643670975,-248650.35216200343,-0.0593405496424808,Age-standardized prevalence of obesity among adults (18+ years) (%),Zambia,SEX_BTSX,11.07855034
Zambia,4190226.643670975,-248650.35216200343,-0.0593405496424808,Life expectancy at birth (years),Zambia,SEX_MLE,58.72094727
Zambia,4190226.643670975,-248650.35216200343,-0.0593405496424808,Life expectancy at birth (years),Zambia,SEX_FMLE,63.10931396
Zambia,4190226.643670975,-248650.35216200343,-0.0593405496424808,Life expectancy at birth (years),Zambia,SEX_BTSX,60.96884155
Zimbabwe,2717270.06630039,-218200.733317852,-0.0803014525585732,Age-standardized prevalence of obesity among adults (18+ years) (%),Zimbabwe,SEX_BTSX,14.21078014
Zimbabwe,2717270.06630039,-218200.733317852,-0.0803014525585732,Life expectancy at birth (years),Zimbabwe,SEX_FMLE,60.5333786
Zimbabwe,2717270.06630039,-218200.733317852,-0.0803014525585732,Life expectancy at birth (years),Zimbabwe,SEX_MLE,56.1946106
Zimbabwe,2717270.06630039,-218200.733317852,-0.0803014525585732,Life expectancy at birth (years),Zimbabwe,SEX_BTSX,58.48102188
